empresa,bem,quantidade,parlamentar,valor_unit,estado,municipio,beneficiario,entrega_realizada_pelo_fornecedor,pagamento,doacao,status_doacao,entrega_fisica,data_entrega,area,intervencao,quant_doada,item,latitude,longitude,evento_realizado
WATT TECNOLOGIA LTDA,Tanque Decantador 400 lts / 560 Kg,24,nao informado,3300,PI,Milton Brandao,ASSOCIACAO DOS PRODUTORES RURAIS DA COMUNIDADE BURITIZINHO,Sim,Pago,Sim,Termo de Cessao,Sim,2024-10-14,Apicultura ,Maquinas e equipamentos,1,7,-4.682945999999999,-41.417343,Sim
COMBRAS COMERCIAL DE MATERIAL PERMANENTE E DE CONSUMO LTDA,Tanque-rede (2x2),159,nao informado,1990,PI,Patos do Piaui,PREFEITURA MUNICIPAL DE PATOS DO PIAUI,Sim,Pago,Sim,Termo de Doacao,Sim,2024-09-12,Aquicultura e pesca,Maquinas e equipamentos,30,23,-7.672309999999999,-41.24081699999999,Sim
TCN COMERCIO E CONSTRUCAO ,Embarcacao de 6m e motor de popa 2T 15HP,25,CASTRO NETO,17000,PI,Sigefredo Pacheco,ASSOCIACAO ANTONIA DORA,Sim,Pago,Sim,Termo de Cessao,Sim,2024-12-17,Aquicultura e pesca,Maquinas e equipamentos,1,1,-4.916646999999999,-41.731123,Sim
TCN COMERCIO E CONSTRUCAO ,Embarcacao de 6m e motor de popa 2T 15HP,25,CASTRO NETO,17000,PI,Caxingo,ASSOCACAO DOS PISCICULTORES DE CAJAZEIRAS DE BAIXO,Sim,Pago,Sim,Termo de Cessao,Sim,2025-01-27,Aquicultura e pesca,Maquinas e equipamentos,1,1,-3.4190439999999995,-41.895476,Sim
TCN COMERCIO E CONSTRUCAO ,Embarcacao de 6m e motor de popa 2T 15HP,25,CASTRO NETO,17000,PI,Teresina,CODEVASF 7 SR,Sim,Pago,Nao,Item Interno,Nao,item nao doado,Aquicultura e pesca,Maquinas e equipamentos,1,1,-5.090657,-42.800133,Nao
WATT TECNOLOGIA LTDA,UEPA Container extracao de mel,3,nao informado,129100,PI,Bonfim do Piaui,ASSOCIACAO DOS APICULTORES DE BONFIM DO PIAUI - AABP,Sim,Pago,Sim,Termo de Cessao,Sim,2024-03-07,Apicultura ,Maquinas e equipamentos,1,5,-9.180930999999998,-42.883466,Sim
COMBRAS COMERCIAL DE MATERIAL PERMANENTE E DE CONSUMO LTDA,Conjunto embaladeira para polpa de frutas,1,ELMANO FERRER,38673,PI,Jose de Freitas,ASSOCIACAO DE DESENVOLVIMENTO COMUNITARIO DE CONTENDAS,Sim,Pago,Sim,Termo de Doacao,Sim,2023-12-27,Agricultura familiar,Maquinas e equipamentos,1,7,-4.751458,-42.574586,Sim
COMBRAS COMERCIAL DE MATERIAL PERMANENTE E DE CONSUMO LTDA,Despolpadora em aco inoxidavel AISI 304,1,ELMANO FERRER,9900,PI,Jose de Freitas,ASSOCIACAO DE DESENVOLVIMENTO COMUNITARIO DE CONTENDAS,Sim,Pago,Sim,Termo de Doacao,Sim,2023-12-27,Agricultura familiar,Maquinas e equipamentos,1,8,-4.751458,-42.574586,Sim
C N JACOBINA-ME,Freezer horizontal 500L,2,ELMANO FERRER,3950,PI,Jose de Freitas,ASSOCIACAO DE DESENVOLVIMENTO COMUNITARIO DE CONTENDAS,Sim,Pago,Sim,Termo de Doacao,Sim,2023-12-27,Agricultura familiar,Maquinas e equipamentos,2,11,-4.751458,-42.574586,Sim
GERACAO COMERCIO E SERVICOS LTDA,Mesa em aco inox ASI-304,1,ELMANO FERRER,2746.48,PI,Jose de Freitas,ASSOCIACAO DE DESENVOLVIMENTO COMUNITARIO DE CONTENDAS,Sim,Pago,Sim,Termo de Doacao,Sim,2023-12-27,Agricultura familiar,Maquinas e equipamentos,1,15,-4.751458,-42.574586,Sim
INFANTARIA  COMERCIAL EIRELI,Liquidificador industrial,2,ELMANO FERRER,800,PI,Jose de Freitas,ASSOCIACAO DE DESENVOLVIMENTO COMUNITARIO DE CONTENDAS,Sim,Pago,Sim,Termo de Doacao,Sim,2023-12-27,Agricultura familiar,Maquinas e equipamentos,1,14,-4.751458,-42.574586,Sim
SANTA CRUZ COMERCIAL E MAQUINAS LTDA,Casa de farinha movel,1,ELMANO FERRER,123600,PI,Jose de Freitas,ASSOCIACAO DE DESENVOLVIMENTO COMUNITARIO DE CONTENDAS,Sim,Pago,Sim,Termo de Doacao,Sim,2024-12-27,Mandiocultura,Maquinas e equipamentos,1,1,-4.751458,-42.574586,Sim
INFANTARIA  COMERCIAL EIRELI,Liquidificador industrial,2,nao informado,800,PI,Jose de Freitas,ASSOCIACAO DE DESENVOLVIMENTO COMUNITARIO DE CONTENDAS,Sim,Pago,Nao,Item Desaparecido,Nao,item nao doado,Agricultura familiar,Maquinas e equipamentos,1,14,-4.751458,-42.574586,Nao
K.C.R. INDUSTRIA E COMERCIO DE EQUIPAMENTOS EIRELI,"Balanca tendal eletronica digital, capacidade 300 kg",2,nao informado,6360,PI,Betania do Piaui,ASSOCIACAO DOS CRIADORES DE OVINOS E CAPRINOS DO MUNICIPIO DE BETANIA DO PIAUI - PI - ASCOBETANIA,Sim,Pago,Sim,Termo de Doacao,Sim,2023-12-19,Ovinocaprino,Maquinas e equipamentos,2,5,-8.143760999999996,-40.79890999999999,Sim
COMBRAS COMERCIAL DE MATERIAL PERMANENTE E DE CONSUMO LTDA,Caldeira vertical 150 kgv/h a Lenha,1,nao informado,55720,PI,Betania do Piaui,ASSOCIACAO DOS CRIADORES DE OVINOS E CAPRINOS DO MUNICIPIO DE BETANIA DO PIAUI - PI - ASCOBETANIA,Sim,Pago,Sim,Termo de Doacao,Sim,2023-12-19,Ovinocaprino,Maquinas e equipamentos,1,7,-8.143760999999996,-40.79890999999999,Sim
COMBRAS COMERCIAL DE MATERIAL PERMANENTE E DE CONSUMO LTDA,Centrifuga raspadeira de buchos,1,nao informado,25671,PI,Betania do Piaui,ASSOCIACAO DOS CRIADORES DE OVINOS E CAPRINOS DO MUNICIPIO DE BETANIA DO PIAUI - PI - ASCOBETANIA,Sim,Pago,Sim,Termo de Doacao,Sim,2023-12-19,Ovinocaprino,Maquinas e equipamentos,1,6,-8.143760999999996,-40.79890999999999,Sim
GERACAO COMERCIO E SERVICOS LTDA,Esterilizador de facas e chaira,10,nao informado,1343,PI,Betania do Piaui,ASSOCIACAO DOS CRIADORES DE OVINOS E CAPRINOS DO MUNICIPIO DE BETANIA DO PIAUI - PI - ASCOBETANIA,Sim,Pago,Sim,Termo de Doacao,Sim,2023-12-19,Ovinocaprino,Maquinas e equipamentos,9,3,-8.143760999999996,-40.79890999999999,Sim
GERACAO COMERCIO E SERVICOS LTDA,Lavador de botas,4,nao informado,2207.79,PI,Betania do Piaui,ASSOCIACAO DOS CRIADORES DE OVINOS E CAPRINOS DO MUNICIPIO DE BETANIA DO PIAUI - PI - ASCOBETANIA,Sim,Pago,Sim,Termo de Doacao,Sim,2023-12-19,Ovinocaprino,Maquinas e equipamentos,4,2,-8.143760999999996,-40.79890999999999,Sim
COMBRAS COMERCIAL DE MATERIAL PERMANENTE E DE CONSUMO LTDA,Lavatorio para maos e bracos,12,nao informado,1542.25,PI,Betania do Piaui,ASSOCIACAO DOS CRIADORES DE OVINOS E CAPRINOS DO MUNICIPIO DE BETANIA DO PIAUI - PI - ASCOBETANIA,Sim,Pago,Sim,Termo de Doacao,Sim,2023-12-19,Ovinocaprino,Maquinas e equipamentos,12,4,-8.143760999999996,-40.79890999999999,Sim
COMBRAS COMERCIAL DE MATERIAL PERMANENTE E DE CONSUMO LTDA,Rolo/tambor para esfola de ovinos e caprinos,2,nao informado,19352.75,PI,Betania do Piaui,ASSOCIACAO DOS CRIADORES DE OVINOS E CAPRINOS DO MUNICIPIO DE BETANIA DO PIAUI - PI - ASCOBETANIA,Sim,Pago,Sim,Termo de Doacao,Sim,2023-12-19,Ovinocaprino,Maquinas e equipamentos,2,1,-8.143760999999996,-40.79890999999999,Sim
TATIANE DE ALMEIDA VILLEGA REFRIGERACAO EPP,Camara frigorifica para resfriamento e estocagem de carcacas,1,nao informado,62751.24,PI,Betania do Piaui,ASSOCIACAO DOS CRIADORES DE OVINOS E CAPRINOS DO MUNICIPIO DE BETANIA DO PIAUI - PI - ASCOBETANIA,Sim,Pago,Sim,Termo de Cessao,Sim,2024-02-21,Ovinocaprino,Maquinas e equipamentos,1,8,-8.143760999999996,-40.79890999999999,Sim
ENGEPOM EQUIPAMENTOS PARA REFRIGERACAO LTDA,Camara frigorifica para congelamento e estocagem de cortes especiais,1,nao informado,63893.12,PI,Betania do Piaui,ASSOCIACAO DOS CRIADORES DE OVINOS E CAPRINOS DO MUNICIPIO DE BETANIA DO PIAUI - PI - ASCOBETANIA,Sim,Pago,Sim,Termo de Cessao,Sim,2024-02-26,Ovinocaprino,Maquinas e equipamentos,1,9,-8.143760999999996,-40.79890999999999,Sim
GERACAO COMERCIO E SERVICOS LTDA,Esterilizador de facas e chaira,10,nao informado,1343,PI,Betania do Piaui,ASSOCIACAO DOS CRIADORES DE OVINOS E CAPRINOS DO MUNICIPIO DE BETANIA DO PIAUI - PI - ASCOBETANIA,Sim,Pago,Sim,Termo de Cessao,Sim,2023-12-19,Ovinocaprino,Maquinas e equipamentos,1,3,-8.143760999999996,-40.79890999999999,Sim
COMBRAS COMERCIAL DE MATERIAL PERMANENTE E DE CONSUMO LTDA,Tanque-rede (2x2),159,nao informado,1990,PI,Madeiro,ASSOCIACAO DE CRIADORES DE TILAPIA EM TANQUES REDES DE MUTUNS,Sim,Pago,Sim,Termo de Cessao,Sim,2024-04-07,Aquicultura e pesca,Maquinas e equipamentos,10,23,-3.486245,-42.49807199999999,Sim
COMBRAS COMERCIAL DE MATERIAL PERMANENTE E DE CONSUMO LTDA,Tanque-rede (2x2),159,nao informado,1990,PI,Luzilandia,ASSOCIACAO DOS PESCADORES E PISCICULTORES DO MUNICIPIO DE LUZILANDIA,Sim,Pago,Sim,Termo de Cessao,Sim,2024-04-07,Aquicultura e pesca,Maquinas e equipamentos,40,23,-3.468296,-42.371757,Sim
COMBRAS COMERCIAL DE MATERIAL PERMANENTE E DE CONSUMO LTDA,Tanque-rede (2x2),159,nao informado,1990,PI,Caxingo,ASSOCIACAO DOS PISCICULTORES FAMILIARES DO ASSENTAMENTO SAO CAETANO,Sim,Pago,Sim,Termo de Cessao,Sim,2024-04-07,Aquicultura e pesca,Maquinas e equipamentos,40,23,-3.4190439999999995,-41.895476,Sim
COMBRAS COMERCIAL DE MATERIAL PERMANENTE E DE CONSUMO LTDA,Tanque-rede (2x2),159,nao informado,1990,PI,Caxingo,ASSOCIACAO DE PISCICULTORES DE CAXINGO,Sim,Pago,Sim,Termo de Cessao,Sim,2024-04-07,Aquicultura e pesca,Maquinas e equipamentos,10,23,-3.4190439999999995,-41.895476,Sim
WATT TECNOLOGIA LTDA,Bandeja para receber Melgueira,30,nao informado,244,PI,Pavussu,ASSOCIACAO DE APICULTORES E AGRICULTORES BAIXAO DO CAJUEIRO,Sim,Pago,Sim,Aguardando Doacao,Nao,item nao doado,Apicultura ,Maquinas e equipamentos,2,9,-7.96059,-43.228438,Nao
WATT TECNOLOGIA LTDA,Tanque Decantador 400 lts / 560 Kg,24,nao informado,3300,PI,Cocal,PREFEITURA MUNICIPAL DE COCAL,Sim,Pago,Sim,Termo de Cessao,Sim,2024-10-23,Apicultura ,Maquinas e equipamentos,1,7,-3.472792,-41.55462299999999,Sim
WATT TECNOLOGIA LTDA,UEPA Container extracao de mel,5,nao informado,141986.5,PI,Campo Alegre do Fidalgo,ASSOCIACAO QUILOMBOLA DE SANTA MARIA DO CANTO,Sim,Pago,Sim,Termo de Cessao,Sim,2022-12-20,Apicultura ,Maquinas e equipamentos,1,1,-8.382357,-41.83439899999999,Sim
WATT TECNOLOGIA LTDA,UEPA Container extracao de mel,5,nao informado,141986.5,PI,Milton Brandao,ASSOCIACAO DOS PRODUTORES RURAIS DA COMUNIDADE BURITIZINHO,Sim,Pago,Sim,Termo de Cessao,Sim,2022-12-06,Apicultura ,Maquinas e equipamentos,1,1,-4.682945999999999,-41.417343,Sim
WATT TECNOLOGIA LTDA,UEPA Container extracao de mel,5,nao informado,141986.5,PI,Pedro II,ASSOCIACAO DE MORADORES DA COMUNIDADE TUCUNS DOS PEDRO,Sim,Pago,Sim,Termo de Cessao,Sim,2022-12-06,Apicultura ,Maquinas e equipamentos,1,1,-4.425844999999999,-41.448184,Sim
WATT TECNOLOGIA LTDA,UEPA Container extracao de mel,5,nao informado,141986.5,PI,Simplicio Mendes,ASSOCIACAO DE PEQUENOS PRODUTORES DA COMUNIDADE BETANIA,Sim,Pago,Sim,Termo de Cessao,Sim,2023-09-22,Apicultura ,Maquinas e equipamentos,1,1,-7.852943999999998,-41.907533,Sim
WATT TECNOLOGIA LTDA,UEPA Container extracao de mel,5,nao informado,141986.5,PI,Eliseu Martins,ASSOCIACAO DE PEQUENOS PRODUTORES COM. CHUPEIRO,Sim,Pago,Sim,Termo de Cessao,Sim,2023-08-29,Apicultura ,Maquinas e equipamentos,1,1,-8.096286,-43.670481,Sim
WATT TECNOLOGIA LTDA,UEPA Container extracao de mel,3,nao informado,129100,PI,Flores do Piaui,ASSOCIACAO DOS PEQUENOS PRODUTORES RURAIS DA COMUNIDADE CAMPESTRE,Sim,Pago,Sim,Termo de Cessao,Sim,2024-02-28,Apicultura ,Maquinas e equipamentos,1,5,-7.787931,-42.918009,Sim
WATT TECNOLOGIA LTDA,UEPA Container extracao de mel,3,nao informado,129100,PI,Sao Raimundo Nonato,ASSOCIACAO PRODUTORES RURAIS DA LOCALIDADE ESTACAO SERRA VERMELHA GERAIS,Sim,Pago,Sim,Termo de Cessao,Sim,2024-03-07,Apicultura ,Maquinas e equipamentos,1,5,-9.012411999999998,-42.69865899999999,Sim
GERACAO COMERCIO E SERVICOS LTDA,Centrifuga Eletrica para Extracao de Mel 50/65 Quadros,12,nao informado,8910,PI,Simplicio Mendes,ASSOCIACAO DE PEQUENOS PRODUTORES DA COMUNIDADE BETANIA,Sim,Pago,Sim,Termo de Cessao,Sim,2023-09-22,Apicultura ,Maquinas e equipamentos,1,3,-7.852943999999998,-41.907533,Sim
GERACAO COMERCIO E SERVICOS LTDA,Centrifuga Eletrica para Extracao de Mel 50/65 Quadros,12,nao informado,8910,PI,Eliseu Martins,ASSOCIACAO DE PEQUENOS PRODUTORES COM. CHUPEIRO,Sim,Pago,Sim,Termo de Cessao,Sim,2023-08-29,Apicultura ,Maquinas e equipamentos,1,3,-8.096286,-43.670481,Sim
GERACAO COMERCIO E SERVICOS LTDA,Centrifuga Eletrica para Extracao de Mel 50/65 Quadros,12,nao informado,8910,PI,Pedro II,ASSOCIACAO DE MORADORES DA COMUNIDADE TUCUNS DOS PEDRO,Sim,Pago,Sim,Termo de Cessao,Sim,2024-10-17,Apicultura ,Maquinas e equipamentos,1,3,-4.425844999999999,-41.448184,Sim
GERACAO COMERCIO E SERVICOS LTDA,Centrifuga Eletrica para Extracao de Mel 50/65 Quadros,12,nao informado,8910,PI,Milton Brandao,ASSOCIACAO DOS PRODUTORES RURAIS DA COMUNIDADE BURITIZINHO,Sim,Pago,Sim,Termo de Cessao,Sim,2024-10-17,Apicultura ,Maquinas e equipamentos,1,3,-4.682945999999999,-41.417343,Sim
GERACAO COMERCIO E SERVICOS LTDA,Centrifuga Eletrica para Extracao de Mel 50/65 Quadros,12,nao informado,8910,PI,Campo Alegre do Fidalgo,ASSOCIACAO QUILOMBOLA DE SANTA MARIA DO CANTO,Sim,Pago,Sim,Termo de Cessao,Sim,2024-10-21,Apicultura ,Maquinas e equipamentos,1,3,-8.382357,-41.83439899999999,Sim
GERACAO COMERCIO E SERVICOS LTDA,Centrifuga Eletrica para Extracao de Mel 50/65 Quadros,12,nao informado,8910,PI,Cocal,PREFEITURA MUNICIPAL DE COCAL,Sim,Pago,Sim,Termo de Cessao,Sim,2024-10-23,Apicultura ,Maquinas e equipamentos,1,3,-3.472792,-41.55462299999999,Sim
GERACAO COMERCIO E SERVICOS LTDA,Centrifuga Eletrica para Extracao de Mel 50/65 Quadros,12,nao informado,8910,PI,Parnaiba,ASSOCIACAO APICOLA SOLO LITORANEA - APISOL,Sim,Pago,Sim,Termo de Cessao,Sim,2024-10-23,Apicultura ,Maquinas e equipamentos,1,3,-2.905847,-41.77538799999999,Sim
GERACAO COMERCIO E SERVICOS LTDA,Centrifuga Eletrica para Extracao de Mel 50/65 Quadros,12,nao informado,8910,PI,Simplicio Mendes,ASSOCIACAO DOS PEQUENOS PRODUTORES DA COMUNIDADE ALAGADICO GRANDE,Sim,Pago,Sim,Aguardando Doacao,Nao,item nao doado,Apicultura ,Maquinas e equipamentos,1,3,-7.852943999999998,-41.907533,Nao
WATT TECNOLOGIA LTDA,Centrifuga Eletrica para Extracao de Mel 50/65 Quadros,3,nao informado,8800,PI,Bonfim do Piaui,ASSOCIACAO DOS APICULTORES DE BONFIM DO PIAUI - AABP,Sim,Pago,Sim,Termo de Doacao,Sim,2024-03-18,Apicultura ,Maquinas e equipamentos,1,4,-9.180930999999998,-42.883466,Sim
WATT TECNOLOGIA LTDA,Centrifuga Eletrica para Extracao de Mel 50/65 Quadros,3,nao informado,8800,PI,Sao Raimundo Nonato,ASSOCIACAO PRODUTORES RURAIS DA LOCALIDADE ESTACAO SERRA VERMELHA GERAIS,Sim,Pago,Sim,Termo de Doacao,Sim,2024-03-22,Apicultura ,Maquinas e equipamentos,1,4,-9.012411999999998,-42.69865899999999,Sim
WATT TECNOLOGIA LTDA,Centrifuga Eletrica para Extracao de Mel 50/65 Quadros,3,nao informado,8800,PI,Flores do Piaui,ASSOCIACAO DOS PEQUENOS PRODUTORES RURAIS DA COMUNIDADE CAMPESTRE,Sim,Pago,Sim,Termo de Cessao,Sim,2024-01-25,Apicultura ,Maquinas e equipamentos,1,4,-7.787931,-42.918009,Sim
WATT TECNOLOGIA LTDA,Mesa Desoperculadora de Favos 50 Quadros Manual,3,nao informado,3460,PI,Flores do Piaui,ASSOCIACAO DOS PEQUENOS PRODUTORES RURAIS DA COMUNIDADE CAMPESTRE,Sim,Pago,Nao,Termo de Cessao,Sim,2024-01-25,Apicultura ,Maquinas e equipamentos,1,6,-7.787931,-42.918009,Sim
WATT TECNOLOGIA LTDA,Mesa Desoperculadora de Favos 50 Quadros Manual,12,nao informado,3460,PI,Simplicio Mendes,ASSOCIACAO DE PEQUENOS PRODUTORES DA COMUNIDADE BETANIA,Sim,Pago,Nao,Termo de Cessao,Sim,2024-11-27,Apicultura ,Maquinas e equipamentos,1,5,-7.852943999999998,-41.907533,Sim
WATT TECNOLOGIA LTDA,Mesa Desoperculadora de Favos 50 Quadros Manual,3,nao informado,3460,PI,Sao Raimundo Nonato,ASSOCIACAO PRODUTORES RURAIS DA LOCALIDADE ESTACAO SERRA VERMELHA GERAIS,Sim,Pago,Sim,Termo de Doacao,Sim,2024-03-23,Apicultura ,Maquinas e equipamentos,1,6,-9.012411999999998,-42.883466,Sim
WATT TECNOLOGIA LTDA,Mesa Desoperculadora de Favos 50 Quadros Manual,3,nao informado,3460,PI,Bonfim do Piaui,ASSOCIACAO DOS APICULTORES DE BONFIM DO PIAUI - AABP,Sim,Pago,Sim,Termo de Doacao,Sim,2024-03-18,Apicultura ,Maquinas e equipamentos,0,6,-9.180930999999998,-42.883466,Sim
WATT TECNOLOGIA LTDA,Mesa Desoperculadora de Favos 50 Quadros Manual,12,nao informado,3460,PI,Eliseu Martins,ASSOCIACAO DE PEQUENOS PRODUTORES COM. CHUPEIRO,Sim,Pago,Sim,Termo de Cessao,Sim,2024-04-09,Apicultura ,Maquinas e equipamentos,1,5,-8.096286,-43.670481,Sim
COMBRAS COMERCIAL DE MATERIAL PERMANENTE E DE CONSUMO LTDA,Mesa Desoperculadora de Favos 50 Quadros Manual,8,nao informado,3068,PI,Cocal,PREFEITURA MUNICIPAL DE COCAL,Sim,Pago,Sim,Termo de Cessao,Sim,2024-10-23,Apicultura ,Maquinas e equipamentos,1,5,-3.472792,-41.55462299999999,Sim
COMBRAS COMERCIAL DE MATERIAL PERMANENTE E DE CONSUMO LTDA,Mesa Desoperculadora de Favos 50 Quadros Manual,8,nao informado,3068,PI,Parnaiba,ASSOCIACAO APICOLA SOLO LITORANEA - APISOL,Sim,Pago,Sim,Termo de Cessao,Sim,2024-10-23,Apicultura ,Maquinas e equipamentos,1,5,-2.905847,-41.77538799999999,Sim
A RODRIGUES COM E SERVICOS LTDA,"Motor de rabeta 4 tempos, 6,5 a 7 cv",175,CASTRO NETO,589,PI,Madeiro,INSTITUTO DE PESCA E AQUICULTURA MULHERES DAS AGUAS - IPAMA,Sim,Pago,Sim,Termo de Cessao,Sim,2025-04-29,Aquicultura e pesca,Maquinas e equipamentos,50,2,-3.486245,-42.49807199999999,Sim
TCN COMERCIO E CONSTRUCAO ,Embarcacao de 6m e motor de popa 2T 15HP,25,CASTRO NETO,17000,PI,Madeiro,INSTITUTO DE PESCA E AQUICULTURA MULHERES DAS AGUAS - IPAMA,Sim,Pago,Sim,Termo de Cessao,Sim,2025-04-29,Aquicultura e pesca,Maquinas e equipamentos,1,1,-3.486245,-42.49807199999999,Sim
WATT TECNOLOGIA LTDA,Bandeja para receber Melgueira,30,nao informado,244,PI,Flores do Piaui,ASSOCIACAO DOS PEQUENOS PRODUTORES RURAIS DA COMUNIDADE CAMPESTRE,Sim,Pago,Sim,Termo de Cessao,Sim,2024-01-25,Apicultura ,Maquinas e equipamentos,2,9,-7.787931,-42.918009,Sim
WATT TECNOLOGIA LTDA,Bandeja para receber Melgueira,30,nao informado,244,PI,Bonfim do Piaui,ASSOCIACAO DOS APICULTORES DE BONFIM DO PIAUI - AABP,Sim,Pago,Sim,Termo de Doacao,Sim,2024-03-18,Apicultura ,Maquinas e equipamentos,2,9,-9.180930999999998,-42.883466,Sim
WATT TECNOLOGIA LTDA,Bandeja para receber Melgueira,30,nao informado,244,PI,Sao Raimundo Nonato,ASSOCIACAO PRODUTORES RURAIS DA LOCALIDADE ESTACAO SERRA VERMELHA GERAIS,Sim,Pago,Sim,Termo de Doacao,Sim,2024-03-07,Apicultura ,Maquinas e equipamentos,2,9,-9.012411999999998,-42.69865899999999,Sim
WATT TECNOLOGIA LTDA,Bandeja para receber Melgueira,30,nao informado,244,PI,Simplicio Mendes,ASSOCIACAO DE PEQUENOS PRODUTORES DA COMUNIDADE BETANIA,Sim,Pago,Sim,Termo de Cessao,Sim,2024-11-27,Apicultura ,Maquinas e equipamentos,2,9,-7.852943999999998,-41.907533,Sim
WATT TECNOLOGIA LTDA,Bandeja para receber Melgueira,30,nao informado,244,PI,Cocal,PREFEITURA MUNICIPAL DE COCAL,Sim,Pago,Sim,Termo de Cessao,Sim,2024-10-23,Apicultura ,Maquinas e equipamentos,2,9,-3.472792,-41.55462299999999,Sim
WATT TECNOLOGIA LTDA,Bandeja para receber Melgueira,30,nao informado,244,PI,Parnaiba,ASSOCIACAO APICOLA SOLO LITORANEA - APISOL,Sim,Pago,Sim,Termo de Cessao,Sim,2024-10-17,Apicultura ,Maquinas e equipamentos,2,9,-2.905847,-41.77538799999999,Sim
WATT TECNOLOGIA LTDA,Bandeja para receber Melgueira,30,nao informado,244,PI,Pedro II,ASSOCIACAO DE MORADORES DA COMUNIDADE TUCUNS DOS PEDRO,Sim,Pago,Sim,Termo de Cessao,Sim,2024-10-17,Apicultura ,Maquinas e equipamentos,1,9,-4.425844999999999,-41.448184,Sim
WATT TECNOLOGIA LTDA,Bandeja para receber Melgueira,30,nao informado,244,PI,Eliseu Martins,ASSOCIACAO DE PEQUENOS PRODUTORES COM. CHUPEIRO,Sim,Pago,Sim,Termo de Cessao,Sim,2024-04-09,Apicultura ,Maquinas e equipamentos,1,9,-8.096286,-43.670481,Sim
COMBRAS COMERCIAL DE MATERIAL PERMANENTE E DE CONSUMO LTDA,Bandeja para receber Melgueira,8,nao informado,163.9,PI,Campo Alegre do Fidalgo,ASSOCIACAO QUILOMBOLA DE SANTA MARIA DO CANTO,Sim,Pago,Sim,Termo de Cessao,Sim,data nao informada,Apicultura ,Maquinas e equipamentos,1,11,-8.382357,-41.83439899999999,Sim
COMBRAS COMERCIAL DE MATERIAL PERMANENTE E DE CONSUMO LTDA,Bandeja para receber Melgueira,8,nao informado,163.9,PI,Milton Brandao,ASSOCIACAO DOS PRODUTORES RURAIS DA COMUNIDADE BURITIZINHO,Sim,Pago,Sim,Termo de Cessao,Sim,data nao informada,Apicultura ,Maquinas e equipamentos,0,11,-4.682945999999999,-41.417343,Sim
WATT TECNOLOGIA LTDA,Tanque Decantador 400 lts / 560 Kg,24,nao informado,3300,PI,Pedro II,ASSOCIACAO DE MORADORES DA COMUNIDADE TUCUNS DOS PEDRO,Sim,Pago,Sim,Termo de Cessao,Sim,2024-10-14,Apicultura ,Maquinas e equipamentos,1,7,-4.425844999999999,-41.448184,Sim
TCN COMERCIO E CONSTRUCAO ,Embarcacao de 6m e motor de popa 2T 15HP,25,CASTRO NETO,17000,PI,Caxingo,PREFEITURA MUNICIPAL DE CAXINGO,Sim,Pago,Sim,Termo de Doacao,Sim,2025-04-30,Aquicultura e pesca,Maquinas e equipamentos,1,1,-3.4190439999999995,-41.895476,Sim
A RODRIGUES COM E SERVICOS LTDA,"Motor de rabeta 4 tempos, 6,5 a 7 cv",175,CASTRO NETO,589,PI,Caxingo,PREFEITURA MUNICIPAL DE CAXINGO,Sim,Pago,Sim,Termo de Doacao,Sim,2025-04-30,Aquicultura e pesca,Maquinas e equipamentos,20,2,-3.4190439999999995,-41.895476,Sim
WATT TECNOLOGIA LTDA,Tanque Decantador 400 lts / 560 Kg,24,nao informado,3300,PI,Eliseu Martins,ASSOCIACAO DE PEQUENOS PRODUTORES COM. CHUPEIRO,Sim,Pago,Sim,Termo de Cessao,Sim,2024-04-09,Apicultura ,Maquinas e equipamentos,2,7,-8.096286,-43.670481,Sim
WATT TECNOLOGIA LTDA,Tanque Decantador 400 lts / 560 Kg,24,nao informado,3300,PI,Campo Alegre do Fidalgo,ASSOCIACAO QUILOMBOLA DE SANTA MARIA DO CANTO,Sim,Pago,Sim,Termo de Cessao,Sim,2024-10-21,Apicultura ,Maquinas e equipamentos,1,7,-8.382357,-41.83439899999999,Sim
WATT TECNOLOGIA LTDA,Tanque Decantador 400 lts / 560 Kg,6,nao informado,3300,PI,Sao Raimundo Nonato,ASSOCIACAO PRODUTORES RURAIS DA LOCALIDADE ESTACAO SERRA VERMELHA GERAIS,Sim,Pago,Sim,Termo de Doacao,Sim,2024-03-22,Apicultura ,Maquinas e equipamentos,2,8,-9.012411999999998,-42.69865899999999,Sim
WATT TECNOLOGIA LTDA,Tanque Decantador 400 lts / 560 Kg,6,nao informado,3300,PI,Bonfim do Piaui,ASSOCIACAO DOS APICULTORES DE BONFIM DO PIAUI - AABP,Sim,Pago,Sim,Termo de Doacao,Sim,2024-03-18,Apicultura ,Maquinas e equipamentos,2,8,-9.180930999999998,-42.883466,Sim
WATT TECNOLOGIA LTDA,Tanque Decantador 400 lts / 560 Kg,6,nao informado,3300,PI,Flores do Piaui,ASSOCIACAO DOS PEQUENOS PRODUTORES RURAIS DA COMUNIDADE CAMPESTRE,Sim,Pago,Sim,Termo de Cessao,Sim,2024-01-25,Apicultura ,Maquinas e equipamentos,2,8,-7.787931,-42.918009,Sim
COMBRAS COMERCIAL DE MATERIAL PERMANENTE E DE CONSUMO LTDA,Tanque Decantador 400 lts / 560 Kg,8,nao informado,2949.9,PI,Cocal,PREFEITURA MUNICIPAL DE COCAL,Sim,Pago,Sim,Termo de Cessao,Sim,2024-10-23,Apicultura ,Maquinas e equipamentos,1,9,-3.472792,-41.55462299999999,Sim
COMBRAS COMERCIAL DE MATERIAL PERMANENTE E DE CONSUMO LTDA,Tanque Decantador 400 lts / 560 Kg,8,nao informado,2949.9,PI,Parnaiba,ASSOCIACAO APICOLA SOLO LITORANEA - APISOL,Sim,Pago,Sim,Termo de Cessao,Sim,2024-10-23,Apicultura ,Maquinas e equipamentos,2,9,-2.905847,-41.77538799999999,Sim
COMBRAS COMERCIAL DE MATERIAL PERMANENTE E DE CONSUMO LTDA,Tanque Decantador 400 lts / 560 Kg,8,nao informado,2949.9,PI,Simplicio Mendes,ASSOCIACAO DE PEQUENOS PRODUTORES DA COMUNIDADE BETANIA,Sim,Pago,Sim,Termo de Cessao,Sim,2024-11-27,Apicultura ,Maquinas e equipamentos,2,9,-7.852943999999998,-41.907533,Sim
VENTISOL DA AMAZONIA INDUSTRIA DE APARELHOS ELETRICOS LTDA,Ar Condicionado 12.000 Btu,8,nao informado,1700,PI,Campo Alegre do Fidalgo,ASSOCIACAO QUILOMBOLA DE SANTA MARIA DO CANTO,Sim,Pago,Sim,Termo de Cessao,Sim,2024-10-21,Apicultura ,Maquinas e equipamentos,1,60,-8.382357,-41.83439899999999,Sim
PEIXOTO  INDUSTRIA E COMERCIO LTDA,Colmeia padrao internacional Langstroth,9299,CASTRO NETO,390,PI,Sao Braz do Piaui,ASSOCIACAO DOS PEQUENOS PRODUTORES DE LEITE DE SAO BRAZ DO PIAUI,Sim,Pago Parcialmente,Sim,Aguardando Doacao,Nao,item nao doado,Apicultura ,Maquinas e equipamentos,80,1,-9.057966999999996,-43.007646,Nao
PEIXOTO  INDUSTRIA E COMERCIO LTDA,Colmeia padrao internacional Langstroth,9299,JULIO CESAR,390,PI,Francisco Santos,PREFEITURA MUNICIPAL DE FRANCISCO SANTOS,Sim,Pago Parcialmente,Sim,Termo de Doacao,Sim,2025-05-28,Apicultura ,Maquinas e equipamentos,250,1,-6.994914,-41.128789,Sim
GLAUCIO & DEODATA AGRONEGOCIOS LTDA,Racao para peixes 45% PB,1150,nao informado,9.1,PI,Teresina,FAZENDA DA PAZ,Sim,Pago,Sim,Termo de Doacao,Sim,2024-02-19,Aquicultura e pesca,Maquinas e equipamentos,30,26,-5.090657,-42.800133,Sim
GLAUCIO & DEODATA AGRONEGOCIOS LTDA,Racao para peixes 40% PB,1150,nao informado,7.86,PI,Teresina,FAZENDA DA PAZ,Sim,Pago,Sim,Termo de Doacao,Sim,2024-02-19,Aquicultura e pesca,Maquinas e equipamentos,40,27,-5.090657,-42.800133,Sim
GLAUCIO & DEODATA AGRONEGOCIOS LTDA,Racao para peixes 35 a 36% PB,1150,nao informado,4.6,PI,Teresina,FAZENDA DA PAZ,Sim,Pago,Sim,Termo de Doacao,Sim,2024-02-19,Aquicultura e pesca,Maquinas e equipamentos,25,28,-5.090657,-42.800133,Sim
GLAUCIO & DEODATA AGRONEGOCIOS LTDA,Racao para peixes 35 a 36% PB,1150,nao informado,4.6,PI,Jose de Freitas,ASSOCIACAO DE DESENVOLVIMENTO COMUNITARIO DE CONTENDAS,Sim,Pago,Sim,Termo de Doacao,Sim,2024-07-26,Aquicultura e pesca,Maquinas e equipamentos,275,28,-4.751458,-42.574586,Sim
WEEMAC MAQUINAS E EQUIPAMENTOS LTDA,Aerador chafariz 1 CV,3,JULIO CESAR,1980.04,PI,Guadalupe,PREFEITURA MUNICIPAL DE GUADALUPE,Sim,Pago,Sim,Termo de Doacao,Sim,2025-06-17,Aquicultura e pesca,Maquinas e equipamentos,3,1,-6.782848,-43.55944099999999,Sim
MGS BRASIL DISTRIBUIDORA LTDA,Bolsao de 5 mm de malha ,20,JULIO CESAR,447.75,PI,Guadalupe,PREFEITURA MUNICIPAL DE GUADALUPE,Sim,Pago,Sim,Termo de Doacao,Sim,2025-06-17,Aquicultura e pesca,Maquinas e equipamentos,2,9,-6.782848,-43.55944099999999,Sim
MGS BRASIL DISTRIBUIDORA LTDA,Bobina de lona Dupla Face (12x50m) 200 micras,50,JULIO CESAR,1442.75,PI,Guadalupe,PREFEITURA MUNICIPAL DE GUADALUPE,Sim,Pago,Sim,Termo de Doacao,Sim,2025-06-17,Aquicultura e pesca,Maquinas e equipamentos,2,6,-6.782848,-43.55944099999999,Sim
THRUONE LTDA,Tanque-rede (2x2),200,JULIO CESAR,2599,PI,Guadalupe,PREFEITURA MUNICIPAL DE GUADALUPE,Sim,Pago,Sim,Termo de Doacao,Sim,2025-06-17,Aquicultura e pesca,Maquinas e equipamentos,11,24,-6.782848,-43.55944099999999,Sim
A RODRIGUES COM E SERVICOS LTDA,"Motor de rabeta 4 tempos, 6,5 a 7 cv",175,JULIO CESAR,589,PI,Guadalupe,PREFEITURA MUNICIPAL DE GUADALUPE,Sim,Pago,Sim,Termo de Doacao,Sim,2025-06-17,Aquicultura e pesca,Maquinas e equipamentos,20,2,-6.782848,-43.55944099999999,Sim
W & L  EMPREENDIMENTOS COMERCIO E LICITACOES LTDA,Macacao em tecido brim Conjugado para Apicultor,500,JUSSARA LIMA,174.09,PI,Caridade do Piaui,PREFEITURA MUNICIPAL DE CARIDADE DO PIAUI,Sim,Pago,Sim,Termo de Cessao,Sim,2025-06-16,Apicultura ,Maquinas e equipamentos,29,11,-7.734349,-40.984763,Nao
CABANA MAGAZINE LTDA,Bota em pvc (par),150,JUSSARA LIMA,32.91,PI,Caridade do Piaui,PREFEITURA MUNICIPAL DE CARIDADE DO PIAUI,Sim,Pago,Sim,Termo de Cessao,Sim,2025-06-16,Apicultura ,Maquinas e equipamentos,29,13,-7.734349,-40.984763,Nao
MGS BRASIL DISTRIBUIDORA LTDA,Luva em Malha Livre Cano Longo (par),150,JUSSARA LIMA,69.99,PI,Caridade do Piaui,PREFEITURA MUNICIPAL DE CARIDADE DO PIAUI,Sim,Pago,Sim,Termo de Cessao,Sim,2025-06-16,Apicultura ,Maquinas e equipamentos,29,14,-7.734349,-40.984763,Nao
C M C DO  BRASIL LTDA,Fumigador Apicola,250,JUSSARA LIMA,169,PI,Caridade do Piaui,PREFEITURA MUNICIPAL DE CARIDADE DO PIAUI,Sim,Pago,Sim,Termo de Cessao,Sim,2025-06-16,Apicultura ,Maquinas e equipamentos,7,10,-7.734349,-40.984763,Nao
J.L.R ARAUJO COMERCIO E SERVICOS LTDA,"Motor de rabeta 4 tempos, 6,5 a 7 cv",480,JUSSARA LIMA,569,PI,Parnagua,PREFEITURA MUNICIPAL DE PARNAGUA,Sim,Pago Parcialmente,Sim,Termo de Cessao,Sim,2025-06-26,Aquicultura e pesca,Maquinas e equipamentos,20,1,-10.216642,-44.63001799999999,Sim
TCN COMERCIO E CONSTRUCAO ,Embarcacao de 6m e motor de popa 2T 15HP,25,JUSSARA LIMA,17000,PI,Guadalupe,PREFEITURA MUNICIPAL DE GUADALUPE,Sim,Pago,Sim,Termo de Doacao,Sim,2025-06-17,Aquicultura e pesca,Maquinas e equipamentos,1,1,-6.782848,-43.55944099999999,Sim
A RODRIGUES COM E SERVICOS LTDA,"Motor de rabeta 4 tempos, 6,5 a 7 cv",175,JUSSARA LIMA,589,PI,Guadalupe,PREFEITURA MUNICIPAL DE GUADALUPE,Sim,Pago,Sim,Termo de Doacao,Sim,2025-06-17,Aquicultura e pesca,Maquinas e equipamentos,20,2,-6.782848,-43.55944099999999,Sim
THRUONE LTDA,Tanque-rede (2x2),200,JUSSARA LIMA,2599,PI,Guadalupe,PREFEITURA MUNICIPAL DE GUADALUPE,Sim,Pago,Sim,Termo de Doacao,Sim,2025-06-17,Aquicultura e pesca,Maquinas e equipamentos,8,24,-6.782848,-43.55944099999999,Sim
MGS BRASIL DISTRIBUIDORA LTDA,Bolsao de 5 mm de malha ,20,JUSSARA LIMA,447.75,PI,Guadalupe,PREFEITURA MUNICIPAL DE GUADALUPE,Sim,Pago,Sim,Termo de Doacao,Sim,2025-06-17,Aquicultura e pesca,Maquinas e equipamentos,2,9,-6.782848,-43.55944099999999,Sim
WEEMAC MAQUINAS E EQUIPAMENTOS LTDA,Aerador chafariz 1 CV,25,JUSSARA LIMA,1980.04,PI,Guadalupe,PREFEITURA MUNICIPAL DE GUADALUPE,Sim,Pago,Sim,Termo de Doacao,Sim,2025-06-17,Aquicultura e pesca,Maquinas e equipamentos,1,1,-6.782848,-43.55944099999999,Sim
MGS BRASIL DISTRIBUIDORA LTDA,Bolsao de 5 mm de malha ,20,FLAVIO NOGUEIRA,447.75,PI,Nazaria,PREFEITURA MUNICIPAL DE NAZARIA,Sim,Pago,Sim,Termo de Doacao,Sim,2025-07-03,Aquicultura e pesca,Maquinas e equipamentos,1,9,-5.3628757,-42.8247028,Sim
MGS BRASIL DISTRIBUIDORA LTDA,Bobina de lona Dupla Face (12x50m) 200 micras,50,FLAVIO NOGUEIRA,1442.75,PI,Nazaria,PREFEITURA MUNICIPAL DE NAZARIA,Sim,Pago,Sim,Termo de Doacao,Sim,2025-07-03,Aquicultura e pesca,Maquinas e equipamentos,1,6,-5.3628757,-42.8247028,Sim
THRUONE LTDA,Tanque-rede (2x2),200,FLAVIO NOGUEIRA,2599,PI,Nazaria,PREFEITURA MUNICIPAL DE NAZARIA,Sim,Pago,Sim,Termo de Doacao,Sim,2025-07-03,Aquicultura e pesca,Maquinas e equipamentos,4,24,-5.3628757,-42.8247028,Sim
A RODRIGUES COM E SERVICOS LTDA,"Motor de rabeta 4 tempos, 6,5 a 7 cv",175,FLAVIO NOGUEIRA,589,PI,Nazaria,PREFEITURA MUNICIPAL DE NAZARIA,Sim,Pago,Sim,Termo de Doacao,Sim,2025-07-03,Aquicultura e pesca,Maquinas e equipamentos,46,2,-5.3628757,-42.8247028,Sim
C M C DO  BRASIL LTDA,Fumigador Apicola,250,JUSSARA LIMA,169,PI,Teresina,SECRETARIA DA ASSISTENCIA TECNICA E DEFESA AGROPECUARIA,Sim,Pago,Sim,Termo de Doacao,Sim,2025-06-23,Apicultura ,Maquinas e equipamentos,7,10,-5.090657,-42.800133,Sim
THRUONE LTDA,Tanque-rede (2x2),200,JUSSARA LIMA,2599,PI,Teresina,SECRETARIA DA ASSISTENCIA TECNICA E DEFESA AGROPECUARIA,Sim,Pago,Sim,Termo de Doacao,Sim,2025-06-26,Aquicultura e pesca,Maquinas e equipamentos,3,24,-5.090657,-42.800133,Sim
J.L.R ARAUJO COMERCIO E SERVICOS LTDA,"Motor de rabeta 4 tempos, 6,5 a 7 cv",480,JUSSARA LIMA,569,PI,Teresina,SECRETARIA DA ASSISTENCIA TECNICA E DEFESA AGROPECUARIA,Sim,Pago Parcialmente,Sim,Termo de Doacao,Sim,2025-06-26,Aquicultura e pesca,Maquinas e equipamentos,50,1,-5.090657,-42.800133,Sim
MGS BRASIL DISTRIBUIDORA LTDA,Bobina de lona Dupla Face (12x50m) 200 micras,50,JUSSARA LIMA,1442.75,PI,Teresina,SECRETARIA DA ASSISTENCIA TECNICA E DEFESA AGROPECUARIA,Sim,Pago,Sim,Termo de Doacao,Sim,2025-06-23,Aquicultura e pesca,Maquinas e equipamentos,1,6,-5.090657,-42.800133,Sim
GERACAO COMERCIO E SERVICOS LTDA,Centrifuga Eletrica para Extracao de Mel 50/65 Quadros,20,JULIO CESAR,9000,PI,Francisco Santos,PREFEITURA MUNICIPAL DE FRANCISCO SANTOS,Sim,Pago,Sim,Aguardando Doacao,Nao,item nao doado,Apicultura ,Maquinas e equipamentos,1,3,-6.994914,-41.128789,Nao
PEIXOTO  INDUSTRIA E COMERCIO LTDA,Colmeia padrao internacional Langstroth,9299,JUSSARA LIMA,390,PI,Teresina,SECRETARIA DA ASSISTENCIA TECNICA E DEFESA AGROPECUARIA,Sim,Pago,Sim,Termo de Doacao,Sim,2025-07-08,Apicultura ,Maquinas e equipamentos,250,1,-5.090657,-42.800133,Sim
GERACAO COMERCIO E SERVICOS LTDA,Centrifuga Eletrica para Extracao de Mel 50/65 Quadros,20,MARCOS AURELIO,9000,PI,Esperantina,PREFEITURA MUNICIPAL DE ESPERANTINA,Sim,Pago,Sim,Termo de Doacao,Sim,2025-07-01,Apicultura ,Maquinas e equipamentos,1,3,-3.888631,-42.232422,Sim
GERACAO COMERCIO E SERVICOS LTDA,Tanque Decantador 400 lts / 560 Kg,40,MARCOS AURELIO,3675,PI,Esperantina,PREFEITURA MUNICIPAL DE ESPERANTINA,Sim,Pago,Sim,Termo de Doacao,Sim,2025-07-01,Apicultura ,Maquinas e equipamentos,1,7,-3.888631,-42.232422,Sim
BID  SOLUCOES EM COMERCIO E SERVICOS LTDA,Mesa Desoperculadora de Favos 60 Quadros Manual,20,MARCOS AURELIO,3723.75,PI,Esperantina,PREFEITURA MUNICIPAL DE ESPERANTINA,Sim,Pago,Sim,Termo de Doacao,Sim,2025-07-01,Apicultura ,Maquinas e equipamentos,1,5,-3.888631,-42.232422,Sim
BID  SOLUCOES EM COMERCIO E SERVICOS LTDA,Bandeja para receber Melgueira,40,MARCOS AURELIO,259.38,PI,Esperantina,PREFEITURA MUNICIPAL DE ESPERANTINA,Sim,Pago,Sim,Termo de Doacao,Sim,2025-07-01,Apicultura ,Maquinas e equipamentos,1,9,-3.888631,-42.232422,Sim
W & L  EMPREENDIMENTOS COMERCIO E LICITACOES LTDA,Macacao em tecido brim Conjugado para Apicultor,500,MARCOS AURELIO,174.09,PI,Esperantina,PREFEITURA MUNICIPAL DE ESPERANTINA,Sim,Pago,Sim,Termo de Doacao,Sim,2025-07-01,Apicultura ,Maquinas e equipamentos,29,11,-3.888631,-42.232422,Sim
C M C DO  BRASIL LTDA,Fumigador Apicola,250,MARCOS AURELIO,169,PI,Esperantina,PREFEITURA MUNICIPAL DE ESPERANTINA,Sim,Pago,Sim,Termo de Doacao,Sim,2025-07-01,Apicultura ,Maquinas e equipamentos,14,10,-3.888631,-42.232422,Sim
TCN COMERCIO E CONSTRUCAO ,Embarcacao de 6m e motor de popa 2T 15HP,25,MARCOS AURELIO,17000,PI,Esperantina,PREFEITURA MUNICIPAL DE ESPERANTINA,Sim,Pago,Sim,Termo de Doacao,Sim,2025-07-01,Aquicultura e pesca,Maquinas e equipamentos,1,1,-3.888631,-42.232422,Sim
J.L.R ARAUJO COMERCIO E SERVICOS LTDA,"Motor de rabeta 4 tempos, 6,5 a 7 cv",480,MARCOS AURELIO,569,PI,Esperantina,PREFEITURA MUNICIPAL DE ESPERANTINA,Sim,Pago Parcialmente,Sim,Termo de Doacao,Sim,2025-07-01,Aquicultura e pesca,Maquinas e equipamentos,79,1,-3.888631,-42.232422,Sim
TCN COMERCIO E CONSTRUCAO ,Embarcacao de 6m e motor de popa 2T 15HP,25,CIRO NOGUEIRA,17000,PI,Ilha Grande,PREFEITURA MUNICIPAL DE ILHA GRANDE,Sim,Pago,Sim,Termo de Doacao,Sim,2025-07-10,Aquicultura e pesca,Maquinas e equipamentos,1,1,-2.857737,-41.81858,Sim
J.L.R ARAUJO COMERCIO E SERVICOS LTDA,"Motor de rabeta 4 tempos, 6,5 a 7 cv",480,CIRO NOGUEIRA,569,PI,Ilha Grande,PREFEITURA MUNICIPAL DE ILHA GRANDE,Sim,Pago Parcialmente,Sim,Termo de Doacao,Sim,2025-07-10,Aquicultura e pesca,Maquinas e equipamentos,30,1,-2.857737,-41.81858,Sim
MGS BRASIL DISTRIBUIDORA LTDA,Bobina de lona Dupla Face (12x50m) 200 micras,50,JUSSARA LIMA,1442.75,PI,Guadalupe,PREFEITURA MUNICIPAL DE GUADALUPE,Sim,Pago,Sim,Termo de Doacao,Sim,2025-06-17,Aquicultura e pesca,Maquinas e equipamentos,1,6,-6.782848,-43.55944099999999,Sim
J.L.R ARAUJO COMERCIO E SERVICOS LTDA,"Motor de rabeta 4 tempos, 6,5 a 7 cv",480,ATILA LIRA,569,PI,Ilha Grande,PREFEITURA MUNICIPAL DE ILHA GRANDE,Sim,Pago Parcialmente,Sim,Termo de Doacao,Sim,2025-07-10,Aquicultura e pesca,Maquinas e equipamentos,31,1,-2.857737,-41.81858,Sim
TCN COMERCIO E CONSTRUCAO ,Embarcacao de 6m e motor de popa 2T 15HP,25,ATILA LIRA,17000,PI,Jose de Freitas,PREFEITURA MUNICIPAL DE JOSE DE FREITAS,Sim,Pago,Sim,Termo de Doacao,Sim,2025-07-02,Aquicultura e pesca,Maquinas e equipamentos,1,1,-4.751458,-42.574586,Sim
TCN COMERCIO E CONSTRUCAO ,Embarcacao de 6m e motor de popa 2T 15HP,25,ATILA LIRA,17000,PI,Uniao,PREFEITURA MUNICIPAL DE UNIAO,Sim,Pago,Sim,Termo de Doacao,Sim,2025-07-03,Aquicultura e pesca,Maquinas e equipamentos,1,1,-4.585709,-42.858285,Nao
J.L.R ARAUJO COMERCIO E SERVICOS LTDA,"Motor de rabeta 4 tempos, 6,5 a 7 cv",480,ATILA LIRA,569,PI,Uniao,PREFEITURA MUNICIPAL DE UNIAO,Sim,Pago Parcialmente,Sim,Termo de Doacao,Sim,2025-07-03,Aquicultura e pesca,Maquinas e equipamentos,31,1,-4.585709,-42.858285,Sim
TCN COMERCIO E CONSTRUCAO ,Embarcacao de 6m e motor de popa 2T 15HP,25,ATILA LIRA,17000,PI,Urucui,PREFEITURA MUNICIPAL DE URUCUI,Sim,Pago,Sim,Termo de Cessao,Sim,2025-07-01,Aquicultura e pesca,Maquinas e equipamentos,1,1,-7.239438999999998,-44.557683,Sim
J.L.R ARAUJO COMERCIO E SERVICOS LTDA,"Motor de rabeta 4 tempos, 6,5 a 7 cv",480,ATILA LIRA,569,PI,Urucui,PREFEITURA MUNICIPAL DE URUCUI,Sim,Pago Parcialmente,Sim,Termo de Cessao,Sim,2025-07-01,Aquicultura e pesca,Maquinas e equipamentos,31,1,-7.239438999999998,-44.557683,Sim
PEIXOTO  INDUSTRIA E COMERCIO LTDA,Colmeia padrao internacional Langstroth,9299,JULIO CESAR,390,PI,Jaicos,PREFEITURA MUNICIPAL DE JAICOS,Sim,Pago,Sim,Termo de Doacao,Sim,2025-08-01,Apicultura ,Maquinas e equipamentos,307,1,-7.362285999999998,-41.137126,Sim
FRANCISCO ALEKSANDRO LIMA PINHEIRO - ME,Colmeia padrao internacional Langstroth,8000,nao informado,370,PI,Flores do Piaui,ASSOCIACAO DOS PEQUENOS PRODUTORES RURAIS DA COMUNIDADE CAMPESTRE,Sim,Pago,Sim,Termo de Doacao,Sim,2023-07-26,Apicultura ,Maquinas e equipamentos,300,1,-7.787931,-42.918009,Sim
J.L.R ARAUJO COMERCIO E SERVICOS LTDA,"Motor de rabeta 4 tempos, 6,5 a 7 cv",480,CASTRO NETO,569,PI,Teresina,UNIAO DOS PESCADORES DO ESTADO DO PIAUI,Sim,Pago Parcialmente,Sim,Termo de Cessao,Sim,2025-07-03,Aquicultura e pesca,Maquinas e equipamentos,16,1,-5.090657,-42.800133,Sim
PEIXOTO  INDUSTRIA E COMERCIO LTDA,Colmeia padrao internacional Langstroth,9299,CIRO NOGUEIRA / JULIO ARCOVERDE,390,PI,Caridade do Piaui,PREFEITURA MUNICIPAL DE CARIDADE DO PIAUI,Sim,Pago,Sim,Aguardando Doacao,Nao,item nao doado,Apicultura ,Maquinas e equipamentos,60,1,-7.734349,-40.984763,Nao
J.L.R ARAUJO COMERCIO E SERVICOS LTDA,"Motor de rabeta 4 tempos, 6,5 a 7 cv",480,CIRO NOGUEIRA,569,PI,Caridade do Piaui,PREFEITURA MUNICIPAL DE CARIDADE DO PIAUI,Sim,Pago Parcialmente,Sim,Termo de Cessao,Sim,2025-07-01,Aquicultura e pesca,Maquinas e equipamentos,11,1,-7.734349,-40.984763,Sim
J.L.R ARAUJO COMERCIO E SERVICOS LTDA,"Motor de rabeta 4 tempos, 6,5 a 7 cv",480,CASTRO NETO,569,PI,Teresina,"SINDICATO DOS PESCADORES E PESC.ART.DE TERESINA,PALMEIRAIS NO EST. DO PIAUI E TIMON E PARNARAMA NO EST.DO MARANHAO",Sim,Pago Parcialmente,Sim,Termo de Doacao,Sim,2025-07-03,Aquicultura e pesca,Maquinas e equipamentos,30,1,-5.090657,-42.800133,Sim
FRANCISCO ALEKSANDRO LIMA PINHEIRO - ME,Colmeia padrao internacional Langstroth,8000,nao informado,370,PI,Teresina,PIAUI SECRETARIA DE EDUCACAO - SEDUC,Sim,Pago,Sim,Termo de Doacao,Sim,2024-12-02,Apicultura ,Maquinas e equipamentos,450,1,-5.090657,-42.800133,Sim
FRANCISCO ALEKSANDRO LIMA PINHEIRO - ME,Colmeia padrao internacional Langstroth,8000,nao informado,370,PI,Teresina,UNIVERSIDADE FEDERAL DO PIAUI - UFPI,Sim,Pago,Sim,Aguardando Doacao,Nao,item nao doado,Apicultura ,Maquinas e equipamentos,250,1,-5.090657,-42.800133,Nao
PEIXOTO  INDUSTRIA E COMERCIO LTDA,Colmeia padrao internacional Langstroth,9299,MARCOS AURELIO,390,PI,Esperantina,PREFEITURA MUNICIPAL DE ESPERANTINA,Sim,Pago,Sim,Termo de Doacao,Sim,2025-07-01,Apicultura ,Maquinas e equipamentos,300,1,-3.888631,-42.232422,Sim
FRANCISCO ALEKSANDRO LIMA PINHEIRO - ME,Colmeia padrao internacional Langstroth,8000,nao informado,370,PI,Floresta do Piaui,PREFEITURA MUNICIPAL DE FLORESTA DO PIAUI,Sim,Pago,Sim,Termo de Doacao,Sim,2023-12-12,Apicultura ,Maquinas e equipamentos,100,1,-7.466820999999999,-41.78832799999999,Sim
FRANCISCO ALEKSANDRO LIMA PINHEIRO - ME,Colmeia padrao internacional Langstroth,8000,nao informado,370,PI,Massape do Piaui,"ASSOCIACAO DOS PEQUENOS PRODUTORES RURAIS DAS COMUNIDADES PEREIROS, GAMELEIRA E ESPINHEIRO",Sim,Pago,Sim,Termo de Doacao,Sim,2025-04-01,Apicultura ,Maquinas e equipamentos,400,1,-7.4746869999999985,-41.110322999999994,Sim
FRANCISCO ALEKSANDRO LIMA PINHEIRO - ME,Colmeia padrao internacional Langstroth,8000,nao informado,370,PI,Pajeu do Piaui,PREFEITURA MUNICIPAL DE PAJEU DO PIAUI,Sim,Pago,Sim,Termo de Doacao,Sim,2024-07-26,Apicultura ,Maquinas e equipamentos,300,1,-7.855085,-42.82481,Sim
FRANCISCO ALEKSANDRO LIMA PINHEIRO - ME,Colmeia padrao internacional Langstroth,8000,nao informado,370,PI,Pedro Laurentino,PREFEITURA MUNICIPAL DE PEDRO LAURENTINO,Sim,Pago,Sim,Termo de Doacao,Sim,2024-07-17,Apicultura ,Maquinas e equipamentos,200,1,-8.068068,-42.284744,Sim
FRANCISCO ALEKSANDRO LIMA PINHEIRO - ME,Colmeia padrao internacional Langstroth,8000,nao informado,370,PI,Jose de Freitas,ASSOCIACAO DE DESENVOLVIMENTO COMUNITARIO DE CONTENDAS,Sim,Pago,Sim,Termo de Doacao,Sim,2023-12-27,Apicultura ,Maquinas e equipamentos,80,1,-4.751458,-42.574586,Sim
FRANCISCO ALEKSANDRO LIMA PINHEIRO - ME,Colmeia padrao internacional Langstroth,8000,nao informado,370,PI,Bela Vista do Piaui,PREFEITURA MUNICIPAL DE BELA VISTA DO PIAUI,Sim,Pago,Sim,Termo de Doacao,Sim,2024-03-08,Apicultura ,Maquinas e equipamentos,300,1,-7.988091,-41.867521999999994,Sim
FRANCISCO ALEKSANDRO LIMA PINHEIRO - ME,Colmeia padrao internacional Langstroth,8000,nao informado,370,PI,Brejo do Piaui,ASSOCIACAO DOS APICULTORES E AGRICULTORES FAMILIARES DE BREJO DO PIAUI,Sim,Pago,Sim,Termo de Doacao,Sim,2024-05-24,Apicultura ,Maquinas e equipamentos,100,1,-8.203139999999998,-42.82291699999999,Sim
PEIXOTO  INDUSTRIA E COMERCIO LTDA,Colmeia padrao internacional Langstroth,9299,CASTRO NETO,390,PI,Sussuapara,PREFEITURA MUNICIPAL DE SUSSUAPARA,Sim,Pago,Sim,Termo de Doacao,Sim,2025-07-09,Apicultura ,Maquinas e equipamentos,140,1,-7.036868,-41.376699,Sim
FRANCISCO ALEKSANDRO LIMA PINHEIRO - ME,Colmeia padrao internacional Langstroth,8000,nao informado,370,PI,Campo Alegre do Fidalgo,ASSOCIACAO DE DESENVOLVIMENTO COMUNITARIO RURAL DE BAIXO,Sim,Pago,Sim,Termo de Doacao,Sim,2024-03-18,Apicultura ,Maquinas e equipamentos,100,1,-8.382357,-41.83439899999999,Sim
FRANCISCO ALEKSANDRO LIMA PINHEIRO - ME,Colmeia padrao internacional Langstroth,8000,nao informado,370,PI,Campo Alegre do Fidalgo,ASSOCIACAO DE DESENVOLVIMENTO COMUNITARIO DE BARRO VERMELHO,Sim,Pago,Sim,Termo de Doacao,Sim,2024-03-14,Apicultura ,Maquinas e equipamentos,100,1,-8.382357,-41.83439899999999,Sim
FRANCISCO ALEKSANDRO LIMA PINHEIRO - ME,Colmeia padrao internacional Langstroth,8000,nao informado,370,PI,Conceicao do Caninde,ASSOCIACAO DOS PEQUENOS PRODUTORES RURAIS DA COMUNIDADE BAIXA DO BARRACAO,Sim,Pago,Sim,Termo de Doacao,Sim,2024-03-07,Apicultura ,Maquinas e equipamentos,200,1,-7.876378,-41.59419299999999,Sim
FRANCISCO ALEKSANDRO LIMA PINHEIRO - ME,Colmeia padrao internacional Langstroth,8000,nao informado,370,PI,Currais,ASSOCIACAO DE DESENVOLVIMENTO COMUNITARIO DOS PRODUTORES RURAIS DE PARA BATINS E REGIAO,Sim,Pago,Sim,Termo de Doacao,Sim,2024-10-31,Apicultura ,Maquinas e equipamentos,100,1,-9.011755,-44.406194,Sim
FRANCISCO ALEKSANDRO LIMA PINHEIRO - ME,Colmeia padrao internacional Langstroth,8000,nao informado,370,PI,Dom Inocencio,ASSOCIACAO DE CRIADORES DE CAPRINOS E OVINOS DE DOM INOCENCIO,Sim,Pago,Sim,Termo de Doacao,Sim,2024-04-03,Apicultura ,Maquinas e equipamentos,100,1,-9.005157999999998,-41.96973299999999,Sim
FRANCISCO ALEKSANDRO LIMA PINHEIRO - ME,Colmeia padrao internacional Langstroth,8000,nao informado,370,PI,Dom Inocencio,ASSOCIACAO DE DESENVOLVIMENTO COMUNITARIO DOS PEQUENOS PROD RURAIS DA LOC DEN NOVO EXU,Sim,Pago,Sim,Termo de Doacao,Sim,2024-05-16,Apicultura ,Maquinas e equipamentos,100,1,-9.005157999999998,-41.96973299999999,Sim
FRANCISCO ALEKSANDRO LIMA PINHEIRO - ME,Colmeia padrao internacional Langstroth,8000,nao informado,370,PI,Dom Inocencio,ASSOCIACAO RURAL DOS IRRIGANTES E PISCULTORES DO POVOADO MOREIRA,Sim,Pago,Sim,Termo de Doacao,Sim,2024-03-21,Apicultura ,Maquinas e equipamentos,100,1,-9.005157999999998,-41.96973299999999,Sim
FRANCISCO ALEKSANDRO LIMA PINHEIRO - ME,Colmeia padrao internacional Langstroth,8000,nao informado,370,PI,Flores do Piaui,ASSOCIACAO DOS MICRO PRODUTORES DO ASSENTAMENTO PORCOS,Sim,Pago,Sim,Termo de Doacao,Sim,2024-06-25,Apicultura ,Maquinas e equipamentos,300,1,-7.787931,-42.918009,Sim
FRANCISCO ALEKSANDRO LIMA PINHEIRO - ME,Colmeia padrao internacional Langstroth,8000,nao informado,370,PI,Itaueira,PREFEITURA MUNICIPAL DE ITAUEIRA,Sim,Pago,Sim,Termo de Doacao,Sim,2024-07-26,Apicultura ,Maquinas e equipamentos,200,1,-7.59989,-43.0249,Sim
FRANCISCO ALEKSANDRO LIMA PINHEIRO - ME,Colmeia padrao internacional Langstroth,8000,nao informado,370,PI,Jose de Freitas,IFPI - CAMPUS DE JOSE DE FREITAS,Sim,Pago,Sim,Termo de Doacao,Sim,2024-05-17,Apicultura ,Maquinas e equipamentos,30,1,-4.751458,-42.574586,Sim
FRANCISCO ALEKSANDRO LIMA PINHEIRO - ME,Colmeia padrao internacional Langstroth,8000,nao informado,370,PI,Lagoa de Sao Francisco,PREFEITURA MUNICIPAL DE LAGOA DE SAO FRANCISCO,Sim,Pago,Sim,Termo de Doacao,Sim,2024-03-20,Apicultura ,Maquinas e equipamentos,300,1,-4.385052999999999,-41.59688299999999,Sim
FRANCISCO ALEKSANDRO LIMA PINHEIRO - ME,Colmeia padrao internacional Langstroth,8000,nao informado,370,PI,Manoel Emidio,ASSOCIACAO DOS PRODUTORES RURAIS E AGRICULTORES FAMILIARES DO VALE DO GURGUEIA DA REGIAO DO SUL DO ESTADO DO PIAUI,Sim,Pago,Sim,Termo de Doacao,Sim,2024-04-09,Apicultura ,Maquinas e equipamentos,100,1,-8.012339999999998,-43.87549,Sim
FRANCISCO ALEKSANDRO LIMA PINHEIRO - ME,Colmeia padrao internacional Langstroth,8000,nao informado,370,PI,Oeiras,ASSOCIACAO DOS CRIADORES DO MEDIO CANINDE,Sim,Pago,Sim,Termo de Doacao,Sim,2024-10-21,Apicultura ,Maquinas e equipamentos,200,1,-7.019152999999999,-42.128298,Sim
FRANCISCO ALEKSANDRO LIMA PINHEIRO - ME,Colmeia padrao internacional Langstroth,8000,nao informado,370,PI,Paes Landim,ASSOCIACAO DE PRO-DESENVOLVIMENTO DO MUNICIPIO DE PAES LANDIM (APRODEMP),Sim,Pago,Sim,Termo de Doacao,Sim,2024-05-15,Apicultura ,Maquinas e equipamentos,200,1,-7.773745,-42.247444,Sim
FRANCISCO ALEKSANDRO LIMA PINHEIRO - ME,Colmeia padrao internacional Langstroth,8000,nao informado,370,PI,Pio IX,ASSOCIACAO AGROPECUARIA DE PRODUTORES DE ANACLETO E REGIAO ,Sim,Pago,Sim,Termo de Doacao,Sim,2024-04-05,Apicultura ,Maquinas e equipamentos,100,1,-6.830017,-40.608301,Sim
FRANCISCO ALEKSANDRO LIMA PINHEIRO - ME,Colmeia padrao internacional Langstroth,8000,nao informado,370,PI,Ribeira do Piaui,ASSOCIACAO DESENVOLVIMENTO COMO LIBERDADE ,Sim,Pago,Sim,Termo de Doacao,Sim,2024-03-06,Apicultura ,Maquinas e equipamentos,300,1,-7.690277999999998,-42.712778,Sim
FRANCISCO ALEKSANDRO LIMA PINHEIRO - ME,Colmeia padrao internacional Langstroth,8000,nao informado,370,PI,Sao Braz do Piaui,ASSOCIACAO DOS PEQUENOS PRODUTORES DE LEITE DE SAO BRAZ DO PIAUI,Sim,Pago,Sim,Termo de Doacao,Sim,2024-08-15,Apicultura ,Maquinas e equipamentos,100,1,-9.057966999999996,-43.007646,Sim
FRANCISCO ALEKSANDRO LIMA PINHEIRO - ME,Colmeia padrao internacional Langstroth,8000,nao informado,370,PI,Sao Raimundo Nonato,ASSOCIACAO DOS PRODUTORES RURAIS DA LOCALIDADE BAIXA DA SERRA BRANCA ,Sim,Pago,Sim,Termo de Doacao,Sim,2024-04-10,Apicultura ,Maquinas e equipamentos,200,1,-9.012411999999998,-42.69865899999999,Sim
FRANCISCO ALEKSANDRO LIMA PINHEIRO - ME,Colmeia padrao internacional Langstroth,8000,nao informado,370,PI,Sao Raimundo Nonato,ASSOCIACAO DE DESENVOLVIMENTO COMUNITARIO DOS PEQUENOS PRODUTORES RURAIS DO BAIXAO DO SITIO,Sim,Pago,Sim,Termo de Doacao,Sim,2024-09-02,Apicultura ,Maquinas e equipamentos,200,1,-9.012411999999998,-42.69865899999999,Sim
FRANCISCO ALEKSANDRO LIMA PINHEIRO - ME,Colmeia padrao internacional Langstroth,8000,nao informado,370,PI,Sao Raimundo Nonato,ASSOCIACAO PRODUTORES RURAIS DA LOCALIDADE ESTACAO SERRA VERMELHA GERAIS,Sim,Pago,Sim,Termo de Doacao,Sim,2024-04-08,Apicultura ,Maquinas e equipamentos,200,1,-9.012411999999998,-42.69865899999999,Sim
FRANCISCO ALEKSANDRO LIMA PINHEIRO - ME,Colmeia padrao internacional Langstroth,8000,nao informado,370,PI,Sao Raimundo Nonato,ASSOCIACAO DOS PEQUENOS PRODUTORES RURAIS DAS LOCALIDADES PE DO MORRO E VISTOSA,Sim,Pago,Sim,Termo de Doacao,Sim,2024-02-28,Apicultura ,Maquinas e equipamentos,200,1,-9.012411999999998,-42.69865899999999,Sim
FRANCISCO ALEKSANDRO LIMA PINHEIRO - ME,Colmeia padrao internacional Langstroth,8000,nao informado,370,PI,Sao Raimundo Nonato,ASSOCIACAO DE DESENVOLVIMENTO COMUNITARIO DOS PEQUENOS PRODUTORES RURAIS DO BAIXAO DO SITIO,Sim,Pago,Sim,Termo de Doacao,Sim,2024-03-22,Apicultura ,Maquinas e equipamentos,200,1,-9.012411999999998,-42.69865899999999,Sim
FRANCISCO ALEKSANDRO LIMA PINHEIRO - ME,Colmeia padrao internacional Langstroth,8000,nao informado,370,PI,Simplicio Mendes,ASSOCIACAO DE APICULTORES DA MICRO REGIAO DE S MENDES,Sim,Pago,Sim,Termo de Doacao,Sim,2024-03-20,Apicultura ,Maquinas e equipamentos,250,1,-7.852943999999998,-41.907533,Sim
FRANCISCO ALEKSANDRO LIMA PINHEIRO - ME,Colmeia padrao internacional Langstroth,8000,nao informado,370,PI,Simplicio Mendes,ASSOCIACAO DE PEQUENOS PRODUTORES DA COMUNIDADE BETANIA,Sim,Pago,Sim,Termo de Doacao,Sim,2025-03-14,Apicultura ,Maquinas e equipamentos,250,1,-7.852943999999998,-41.907533,Sim
FRANCISCO ALEKSANDRO LIMA PINHEIRO - ME,Colmeia padrao internacional Langstroth,8000,nao informado,370,PI,Simplicio Mendes,ASSOCIACAO DE PEQUENOS PRODUTORES RURAIS DA COMUNIDADE BOA ESPERANCA,Sim,Pago,Sim,Termo de Doacao,Sim,2024-03-14,Apicultura ,Maquinas e equipamentos,100,1,-7.852943999999998,-41.907533,Sim
FRANCISCO ALEKSANDRO LIMA PINHEIRO - ME,Colmeia padrao internacional Langstroth,8000,nao informado,370,PI,Simplicio Mendes,ASSOCIACAO DOS PEQUENOS PRODUTORES RURAIS DO ASSENTAMENTO BOM SUCESSO,Sim,Pago,Sim,Termo de Doacao,Sim,2024-03-14,Apicultura ,Maquinas e equipamentos,100,1,-7.852943999999998,-41.907533,Sim
FRANCISCO ALEKSANDRO LIMA PINHEIRO - ME,Colmeia padrao internacional Langstroth,8000,nao informado,370,PI,Simplicio Mendes,ASSOCIACAO DE PEQUENOS PRODUTORES DA COMUNIDADE SOBRADINHO,Sim,Pago,Sim,Termo de Doacao,Sim,2024-03-11,Apicultura ,Maquinas e equipamentos,100,1,-7.852943999999998,-41.907533,Sim
FRANCISCO ALEKSANDRO LIMA PINHEIRO - ME,Colmeia padrao internacional Langstroth,8000,nao informado,370,PI,Varzea Branca,PREFEITURA MUNICIPAL DE VARZEA BRANCA,Sim,Pago,Sim,Termo de Doacao,Sim,2024-10-25,Apicultura ,Maquinas e equipamentos,300,1,-9.238003,-42.96922099999999,Sim
FRANCISCO ALEKSANDRO LIMA PINHEIRO - ME,Colmeia padrao internacional Langstroth,8000,nao informado,370,PI,Bonfim do Piaui,ASSOCIACAO DOS APICULTORES DE BONFIM DO PIAUI - AABP,Sim,Pago,Sim,Termo de Doacao,Sim,2024-03-18,Apicultura ,Maquinas e equipamentos,100,1,-9.180930999999998,-42.883466,Sim
FRANCISCO ALEKSANDRO LIMA PINHEIRO - ME,Colmeia padrao internacional Langstroth,8000,nao informado,370,PI,Floresta do Piaui,PREFEITURA MUNICIPAL DE FLORESTA DO PIAUI,Sim,Pago,Sim,Termo de Doacao,Sim,2024-02-02,Apicultura ,Maquinas e equipamentos,200,1,-7.466820999999999,-41.78832799999999,Sim
WEEMAC MAQUINAS E EQUIPAMENTOS LTDA,Aerador chafariz 1 CV,25,JADYEL ALENCAR,1980.04,PI,Teresina,SUPERINTENDENCIA FEDERAL DE PESCA E AQUICULTURA - SFPA-PI,Sim,Pago,Sim,Termo de Doacao,Sim,2025-07-17,Aquicultura e pesca,Maquinas e equipamentos,1,1,-5.090657,-42.800133,Sim
TCN COMERCIO E CONSTRUCAO ,Embarcacao de 6m e motor de popa 2T 15HP,25,JADYEL ALENCAR,17000,PI,Teresina,SUPERINTENDENCIA FEDERAL DE PESCA E AQUICULTURA - SFPA-PI,Sim,Pago,Sim,Termo de Doacao,Sim,2025-07-17,Aquicultura e pesca,Maquinas e equipamentos,1,1,-5.090657,-42.800133,Sim
J.L.R ARAUJO COMERCIO E SERVICOS LTDA,"Motor de rabeta 4 tempos, 6,5 a 7 cv",480,JADYEL ALENCAR,569,PI,Teresina,SUPERINTENDENCIA FEDERAL DE PESCA E AQUICULTURA - SFPA-PI,Sim,Pago Parcialmente,Sim,Termo de Doacao,Sim,2025-07-17,Aquicultura e pesca,Maquinas e equipamentos,100,1,-5.090657,-42.800133,Sim
THRUONE LTDA,Tanque-rede (2x2),200,JADYEL ALENCAR,2599,PI,Teresina,SUPERINTENDENCIA FEDERAL DE PESCA E AQUICULTURA - SFPA-PI,Sim,Pago,Sim,Termo de Doacao,Sim,2025-07-17,Aquicultura e pesca,Maquinas e equipamentos,10,24,-5.090657,-42.800133,Sim
FRANCISCO ALEKSANDRO LIMA PINHEIRO - ME,Colmeia padrao internacional Langstroth,8000,nao informado,370,PI,Campinas do Piaui,ASSOCIACAO DOS PEQUENOS PRODUTORES RURAIS DA COMUNIDADE CASTELO E BOA VISTA,Sim,Pago,Sim,Termo de Doacao,Sim,2024-02-08,Apicultura ,Maquinas e equipamentos,150,1,-7.659299,-41.877487,Sim
PEIXOTO  INDUSTRIA E COMERCIO LTDA,Colmeia padrao internacional Langstroth,9299,FLORENTINO NETO,390,PI,Santa Cruz do Piaui,PREFEITURA MUNICIPAL DE SANTA CRUZ DO PIAUI,Sim,Pago,Sim,Termo de Doacao,Sim,2025-08-01,Apicultura ,Maquinas e equipamentos,240,1,-7.178499,-41.760932,Sim
J.L.R ARAUJO COMERCIO E SERVICOS LTDA,"Motor de rabeta 4 tempos, 6,5 a 7 cv",480,CASTRO NETO,569,PI,Teresina,COLONIA DE PESCADORES Z 08,Sim,Pago Parcialmente,Sim,Termo de Doacao,Sim,2025-07-03,Aquicultura e pesca,Maquinas e equipamentos,8,1,-5.090657,-42.800133,Sim
J.L.R ARAUJO COMERCIO E SERVICOS LTDA,"Motor de rabeta 4 tempos, 6,5 a 7 cv",480,CASTRO NETO,569,PI,Caxingo,PREFEITURA MUNICIPAL DE CAXINGO,Sim,Pago Parcialmente,Sim,Termo de Doacao,Sim,2025-07-31,Aquicultura e pesca,Maquinas e equipamentos,20,1,-3.4190439999999995,-41.895476,Sim
PEIXOTO  INDUSTRIA E COMERCIO LTDA,Colmeia padrao internacional Langstroth,9299,JULIO ARCOVERDE,390,PI,Paqueta,PREFEITURA MUNICIPAL DE PAQUETA,Sim,Pago,Sim,Termo de Doacao,Sim,2025-08-15,Apicultura ,Maquinas e equipamentos,30,1,-7.103031,-41.700031,Sim
THRUONE LTDA,Tanque-rede (2x2),200,FLAVIO NOGUEIRA,2599,PI,Nossa Senhora de Nazare,ASSOCIACAO DOS MORADORES DA LOCALIDADE OITICICA,Sim,Pago,Sim,Aguardando Doacao,Nao,item nao doado,Aquicultura e pesca,Maquinas e equipamentos,2,24,-4.630188,-42.17295399999999,Nao
GERACAO COMERCIO E SERVICOS LTDA,Centrifuga Eletrica para Extracao de Mel 50/65 Quadros,7,FLAVIO NOGUEIRA,9000,PI,Pimenteiras,FUNDACAO MARIA DO SOCORRO MARREIROS,Sim,Pago,Sim,Termo de Doacao,Sim,2025-10-21,Apicultura ,Maquinas e equipamentos,2,3,-6.238391,-41.411273,Sim
GERACAO COMERCIO E SERVICOS LTDA,Tanque Decantador 400 lts / 560 Kg,40,FLAVIO NOGUEIRA,3675,PI,Pimenteiras,FUNDACAO MARIA DO SOCORRO MARREIROS,Sim,Pago,Sim,Termo de Doacao,Sim,2025-10-21,Apicultura ,Maquinas e equipamentos,1,7,-6.238391,-41.411273,Sim
BID  SOLUCOES EM COMERCIO E SERVICOS LTDA,Mesa Desoperculadora de Favos 60 Quadros Manual,20,FLAVIO NOGUEIRA,3723.75,PI,Pimenteiras,FUNDACAO MARIA DO SOCORRO MARREIROS,Sim,Pago,Sim,Termo de Doacao,Sim,2025-10-21,Apicultura ,Maquinas e equipamentos,1,5,-6.238391,-41.411273,Sim
BID  SOLUCOES EM COMERCIO E SERVICOS LTDA,Bandeja para receber Melgueira,14,FLAVIO NOGUEIRA,259.38,PI,Pimenteiras,FUNDACAO MARIA DO SOCORRO MARREIROS,Sim,Pago,Sim,Termo de Doacao,Sim,2025-10-21,Apicultura ,Maquinas e equipamentos,1,9,-6.238391,-41.411273,Sim
W & L  EMPREENDIMENTOS COMERCIO E LICITACOES LTDA,Macacao em tecido brim Conjugado para Apicultor,500,FLAVIO NOGUEIRA,174.09,PI,Pimenteiras,FUNDACAO MARIA DO SOCORRO MARREIROS,Sim,Pago,Sim,Termo de Doacao,Sim,2025-10-21,Apicultura ,Maquinas e equipamentos,29,11,-6.238391,-41.411273,Sim
C M C DO  BRASIL LTDA,Fumigador Apicola,250,FLAVIO NOGUEIRA,169,PI,Pimenteiras,FUNDACAO MARIA DO SOCORRO MARREIROS,Sim,Pago,Sim,Termo de Doacao,Sim,2025-10-21,Apicultura ,Maquinas e equipamentos,14,10,-6.238391,-41.411273,Sim
PEIXOTO  INDUSTRIA E COMERCIO LTDA,Colmeia padrao internacional Langstroth,9299,FLAVIO NOGUEIRA,390,PI,Pimenteiras,FUNDACAO MARIA DO SOCORRO MARREIROS,Sim,Pago,Sim,Termo de Doacao,Sim,2025-10-21,Apicultura ,Maquinas e equipamentos,557,1,-6.238391,-41.411273,Sim
J.L.R ARAUJO COMERCIO E SERVICOS LTDA,"Motor de rabeta 4 tempos, 6,5 a 7 cv",480,CASTRO NETO,569,PI,Teresina,ASSOCIACAO DOS VAZANTEIROS E HORTICULTORES DO RECANTO DO POTY,Sim,Pago Parcialmente,Sim,Termo de Doacao,Sim,2025-06-27,Aquicultura e pesca,Maquinas e equipamentos,2,1,-5.090657,-42.800133,Sim
A RODRIGUES COM E SERVICOS LTDA,"Motor de rabeta 4 tempos, 6,5 a 7 cv",175,CASTRO NETO,589,PI,Urucui,PREFEITURA MUNICIPAL DE URUCUI,Sim,Pago,Sim,Termo de Cessao,Sim,2025-07-18,Aquicultura e pesca,Maquinas e equipamentos,9,2,-7.239438999999998,-44.557683,Sim
J.L.R ARAUJO COMERCIO E SERVICOS LTDA,"Motor de rabeta 4 tempos, 6,5 a 7 cv",480,CASTRO NETO,569,PI,Urucui,PREFEITURA MUNICIPAL DE URUCUI,Sim,Pago Parcialmente,Sim,Termo de Cessao,Sim,2025-07-18,Aquicultura e pesca,Maquinas e equipamentos,21,1,-7.239438999999998,-44.557683,Sim
FRANCISCO ALEKSANDRO LIMA PINHEIRO - ME,Colmeia padrao internacional Langstroth,8000,nao informado,370,PI,Campinas do Piaui,ASSOCIACAO DE APICULTORES DA LOCALIDADE PEQUINS,Sim,Pago,Sim,Termo de Doacao,Sim,2024-02-08,Apicultura ,Maquinas e equipamentos,150,1,-7.659299,-41.877487,Sim
FRANCISCO ALEKSANDRO LIMA PINHEIRO - ME,Colmeia padrao internacional Langstroth,8000,nao informado,370,PI,Parnaiba,ASSOCIACAO APICOLA SOLO LITORANEA - APISOL,Sim,Pago,Sim,Termo de Doacao,Sim,2024-03-26,Apicultura ,Maquinas e equipamentos,100,1,-2.905847,-41.77538799999999,Sim
FRANCISCO ALEKSANDRO LIMA PINHEIRO - ME,Colmeia padrao internacional Langstroth,8000,nao informado,370,PI,Dirceu Arcoverde,ASSOCIACAO DOS MORADORES DO POVOADO LAGOINHA,Sim,Pago,Sim,Termo de Doacao,Sim,2024-01-17,Apicultura ,Maquinas e equipamentos,90,1,-9.339385999999998,-42.434792,Sim
FRANCISCO ALEKSANDRO LIMA PINHEIRO - ME,Colmeia padrao internacional Langstroth,2000,nao informado,370,PI,Dirceu Arcoverde,ASSOCIACAO DOS MORADORES DO POVOADO LAGOINHA,Sim,Pago,Sim,Termo de Doacao,Sim,2024-12-17,Apicultura ,Maquinas e equipamentos,110,2,-9.339385999999998,-42.434792,Sim
WEEMAC MAQUINAS E EQUIPAMENTOS LTDA,Aerador chafariz 1 CV,25,MARCOS AURELIO,1980.04,PI,Parnaiba,ASSOCIACAO CIVIL DOS AMIGOS DA PESCA - PICEMA,Sim,Pago,Sim,Termo de Doacao,Sim,2025-07-30,Aquicultura e pesca,Maquinas e equipamentos,1,1,-2.905847,-41.77538799999999,Sim
MGS BRASIL DISTRIBUIDORA LTDA,Bolsao de 5 mm de malha ,20,MARCOS AURELIO,447.75,PI,Parnaiba,ASSOCIACAO CIVIL DOS AMIGOS DA PESCA - PICEMA,Sim,Pago,Sim,Termo de Doacao,Sim,2025-07-30,Aquicultura e pesca,Maquinas e equipamentos,2,9,-2.905847,-41.77538799999999,Sim
THRUONE LTDA,Tanque-rede (2x2),200,MARCOS AURELIO,2599,PI,Parnaiba,ASSOCIACAO CIVIL DOS AMIGOS DA PESCA - PICEMA,Sim,Pago,Sim,Termo de Doacao,Sim,2025-08-15,Aquicultura e pesca,Maquinas e equipamentos,11,24,-2.905847,-41.77538799999999,Sim
PEIXOTO  INDUSTRIA E COMERCIO LTDA,Colmeia padrao internacional Langstroth,9299,JULIO ARCOVERDE,390,PI,Boqueirao do Piaui,"ASSOCIACAO DOS PRODUTORES FAMILIARES DAS LOCALIDADES MATO GRANDE, VARJOTA, ZONA RURAL E REGIAO DO MUNICIPIO DE BOQUEIRAO DO PIAUI - PI",Sim,Pago,Sim,Termo de Doacao,Sim,2025-08-12,Apicultura ,Maquinas e equipamentos,30,1,-4.481805999999999,-42.12123199999999,Sim
W & L  EMPREENDIMENTOS COMERCIO E LICITACOES LTDA,Macacao em tecido brim Conjugado para Apicultor,500,JULIO ARCOVERDE,174.09,PI,Monsenhor Hipolito,PREFEITURA MUNICIPAL DE MONSENHOR HIPOLITO,Sim,Pago,Sim,Termo de Doacao,Sim,2025-11-05,Apicultura ,Maquinas e equipamentos,10,11,-6.992754,-41.026003,Sim
THRUONE LTDA,Tanque-rede (2x2),200,CIRO NOGUEIRA,2599,PI,Buriti dos Lopes,PREFEITURA MUNICIPAL DE BURITI DOS LOPES,Sim,Pago,Sim,Termo de Doacao,Nao,item nao doado,Aquicultura e pesca,Maquinas e equipamentos,11,24,-3.182592,-41.86948099999999,Nao
THRUONE LTDA,Tanque-rede (2x2),200,JULIO ARCOVERDE,2599,PI,Buriti dos Lopes,PREFEITURA MUNICIPAL DE BURITI DOS LOPES,Sim,Pago,Sim,Termo de Doacao,Nao,item nao doado,Aquicultura e pesca,Maquinas e equipamentos,11,24,-3.182592,-41.86948099999999,Nao
PEIXOTO  INDUSTRIA E COMERCIO LTDA,Colmeia padrao internacional Langstroth,9299,JULIO ARCOVERDE,390,PI,Queimada Nova,PREFEITURA MUNICIPAL DE QUEIMADA NOVA,Sim,Pago,Sim,Termo de Doacao,Sim,2025-10-15,Apicultura ,Maquinas e equipamentos,100,1,-8.570636999999996,-41.410614,Sim
PEIXOTO  INDUSTRIA E COMERCIO LTDA,Colmeia padrao internacional Langstroth,9299,JULIO ARCOVERDE,390,PI,Redencao do Gurgueia,ASSOCIACAO COMUNITARIA RURAL DA COMUNIDADE PEDRINHAS,Sim,Pago,Sim,Aguardando Doacao,Nao,item nao doado,Apicultura ,Maquinas e equipamentos,120,1,-9.479367999999997,-44.58114499999999,Nao
W & L  EMPREENDIMENTOS COMERCIO E LICITACOES LTDA,Macacao em tecido brim Conjugado para Apicultor,500,JULIO ARCOVERDE,174.09,PI,Redencao do Gurgueia,ASSOCIACAO COMUNITARIA RURAL DA COMUNIDADE PEDRINHAS,Sim,Pago,Sim,Aguardando Doacao,Nao,item nao doado,Apicultura ,Maquinas e equipamentos,9,11,-9.479367999999997,-44.58114499999999,Nao
C M C DO  BRASIL LTDA,Fumigador Apicola,250,JULIO ARCOVERDE,169,PI,Redencao do Gurgueia,ASSOCIACAO COMUNITARIA RURAL DA COMUNIDADE PEDRINHAS,Sim,Pago,Sim,Termo de Cessao,Sim,2025-08-15,Apicultura ,Maquinas e equipamentos,4,10,-9.479367999999997,-44.58114499999999,Sim
PEIXOTO  INDUSTRIA E COMERCIO LTDA,Colmeia padrao internacional Langstroth,9299,JULIO ARCOVERDE,390,PI,Caridade do Piaui,PREFEITURA MUNICIPAL DE CARIDADE DO PIAUI,Sim,Pago,Sim,Aguardando Doacao,Nao,item nao doado,Apicultura ,Maquinas e equipamentos,60,1,-7.734349,-40.984763,Nao
TCN COMERCIO E CONSTRUCAO ,Embarcacao de 6m e motor de popa 2T 15HP,25,JULIO ARCOVERDE,17000,PI,Redencao do Gurgueia,ASSOCIACAO COMUNITARIA RURAL DA COMUNIDADE PEDRINHAS,Sim,Pago,Sim,Aguardando Doacao,Nao,item nao doado,Aquicultura e pesca,Maquinas e equipamentos,1,1,-9.479367999999997,-44.58114499999999,Nao
COMBRAS COMERCIAL DE MATERIAL PERMANENTE E DE CONSUMO LTDA,Tanque-rede (2x2),159,JULIO ARCOVERDE,1990,PI,Buriti dos Lopes,PREFEITURA MUNICIPAL DE BURITI DOS LOPES,Sim,Pago,Sim,Termo de Doacao,Nao,item nao doado,Aquicultura e pesca,Maquinas e equipamentos,15,23,-3.182592,-41.86948099999999,Sim
A RODRIGUES COM E SERVICOS LTDA,"Motor de rabeta 4 tempos, 6,5 a 7 cv",175,JULIO CESAR,589,PI,Conceicao do Caninde,PREFEITURA MUNICIPAL DE CONCEICAO DO CANINDE,Sim,Pago,Sim,Termo de Doacao,Sim,2025-07-31,Aquicultura e pesca,Maquinas e equipamentos,10,2,-7.876378,-41.59419299999999,Sim
FRANCISCO ALEKSANDRO LIMA PINHEIRO - ME,Colmeia padrao internacional Langstroth,2000,nao informado,370,PI,Simplicio Mendes,ASSOCIACAO DE PEQUENOS PRODUTORES DA COMUNIDADE SOBRADINHO,Sim,Pago,Sim,Termo de Doacao,Sim,2024-03-14,Apicultura ,Maquinas e equipamentos,100,2,-7.852943999999998,-41.907533,Sim
FRANCISCO ALEKSANDRO LIMA PINHEIRO - ME,Colmeia padrao internacional Langstroth,2000,nao informado,370,PI,Teresina,COOPERATIVA DOS PRODUTORES DE CAJUINA DO PIAUI LTDA,Sim,Pago,Sim,Termo de Doacao,Sim,2024-12-18,Apicultura ,Maquinas e equipamentos,50,2,-5.090657,-42.800133,Sim
FRANCISCO ALEKSANDRO LIMA PINHEIRO - ME,Colmeia padrao internacional Langstroth,2000,nao informado,370,PI,Belem do Piaui,PREFEITURA MUNICIPAL DE BELEM DO PIAUI,Sim,Pago,Sim,Aguardando Doacao,Nao,item nao doado,Apicultura ,Maquinas e equipamentos,300,2,-7.366524,-40.968786,Nao
FRANCISCO ALEKSANDRO LIMA PINHEIRO - ME,Colmeia padrao internacional Langstroth,2000,nao informado,370,PI,Eliseu Martins,COOPERATIVA DA AGRICULTURA FAMILIAR FLOR DO GURGUEIA,Sim,Pago,Sim,Aguardando Doacao,Nao,item nao doado,Apicultura ,Maquinas e equipamentos,100,2,-8.096286,-43.670481,Nao
FRANCISCO ALEKSANDRO LIMA PINHEIRO - ME,Colmeia padrao internacional Langstroth,2000,nao informado,370,PI,Pio IX,ASSOCIACAO DE PROMOCAO E PROTECAO DE DIREITOS ADAUTO JUNIOR,Sim,Pago,Sim,Termo de Doacao,Sim,2024-11-26,Apicultura ,Maquinas e equipamentos,300,2,-6.830017,-40.608301,Sim
FRANCISCO ALEKSANDRO LIMA PINHEIRO - ME,Colmeia padrao internacional Langstroth,2000,nao informado,370,PI,Sigefredo Pacheco,ASSOCIACAO ANTONIA DORA,Sim,Pago,Sim,Aguardando Doacao,Nao,item nao doado,Apicultura ,Maquinas e equipamentos,200,2,-4.916646999999999,-41.731123,Nao
FRANCISCO ALEKSANDRO LIMA PINHEIRO - ME,Colmeia padrao internacional Langstroth,2000,nao informado,370,PI,Belem do Piaui,PREFEITURA MUNICIPAL DE BELEM DO PIAUI,Sim,Pago,Sim,Aguardando Doacao,Nao,item nao doado,Apicultura ,Maquinas e equipamentos,200,2,-7.366524,-40.968786,Nao
FRANCISCO ALEKSANDRO LIMA PINHEIRO - ME,Colmeia padrao internacional Langstroth,2000,nao informado,370,PI,Pio IX,ASSOCIACAO AGROPECUARIA DE PRODUTORES DE ANACLETO E REGIAO ,Sim,Pago,Sim,Aguardando Doacao,Nao,item nao doado,Apicultura ,Maquinas e equipamentos,100,2,-6.830017,-40.608301,Nao
FRANCISCO ALEKSANDRO LIMA PINHEIRO - ME,Colmeia padrao internacional Langstroth,2000,nao informado,370,PI,Pio IX,ASSOCIACAO DO DESENVOLVIMENTO COMUNITARIO SERRA DO BOI,Sim,Pago,Sim,Aguardando Doacao,Nao,item nao doado,Apicultura ,Maquinas e equipamentos,40,2,-6.830017,-40.608301,Nao
FRANCISCO ALEKSANDRO LIMA PINHEIRO - ME,Colmeia padrao internacional Langstroth,2000,nao informado,370,PI,Oeiras,ASSOCIACAO DOS CRIADORES DO MEDIO CANINDE,Sim,Pago,Sim,Aguardando Doacao,Nao,item nao doado,Apicultura ,Maquinas e equipamentos,100,2,-7.019152999999999,-42.128298,Nao
PEIXOTO  INDUSTRIA E COMERCIO LTDA,Colmeia padrao internacional Langstroth,9299,CASTRO NETO,390,PI,Francisco Macedo,PREFEITURA MUNICIPAL DE FRANCISCO MACEDO,Sim,Pago,Sim,Termo de Doacao,Sim,2025-09-03,Apicultura ,Maquinas e equipamentos,150,1,-7.317881999999998,-40.76359599999999,Nao
PEIXOTO  INDUSTRIA E COMERCIO LTDA,Colmeia padrao internacional Langstroth,9299,nao informado,390,PI,Pio IX,ASSOCIACAO DO DESENVOLVIMENTO COMUNITARIO SERRA DO BOI,Sim,Pago,Sim,Termo de Cessao,Sim,2024-05-13,Apicultura ,Maquinas e equipamentos,300,1,-6.830017,-40.608301,Sim
PEIXOTO  INDUSTRIA E COMERCIO LTDA,Colmeia padrao internacional Langstroth,9299,nao informado,390,PI,Pio IX,ASSOCIACAO DE PROMOCAO E PROTECAO DE DIREITOS ADAUTO JUNIOR,Sim,Pago,Sim,Termo de Cessao,Sim,data nao informada,Apicultura ,Maquinas e equipamentos,300,1,-6.830017,-40.608301,Sim
PEIXOTO  INDUSTRIA E COMERCIO LTDA,Colmeia padrao internacional Langstroth,9299,nao informado,390,PI,Oeiras,ASSOCIACAO DOS CRIADORES DO MEDIO CANINDE,Sim,Pago,Sim,Termo de Cessao,Sim,2024-05-21,Apicultura ,Maquinas e equipamentos,100,1,-7.019152999999999,-42.128298,Sim
PEIXOTO  INDUSTRIA E COMERCIO LTDA,Colmeia padrao internacional Langstroth,9299,nao informado,390,PI,Paes Landim,PREFEITURA MUNICIPAL DE PAES LANDIM,Sim,Pago,Sim,Termo de Doacao,Sim,2025-01-13,Apicultura ,Maquinas e equipamentos,400,1,-7.773745,-42.247444,Sim
PEIXOTO  INDUSTRIA E COMERCIO LTDA,Colmeia padrao internacional Langstroth,9299,nao informado,390,PI,Colonia do Gurgueia,PREFEITURA MUNICIPAL DE COLONIA DO GURGUEIA,Sim,Pago,Sim,Termo de Doacao,Sim,2025-01-20,Apicultura ,Maquinas e equipamentos,300,1,-8.183696999999999,-43.793999,Sim
PEIXOTO  INDUSTRIA E COMERCIO LTDA,Colmeia padrao internacional Langstroth,9299,CASTRO NETO,390,PI,Sigefredo Pacheco,ASSOCIACAO ANTONIA DORA,Sim,Pago,Sim,Termo de Doacao,Sim,2025-01-14,Apicultura ,Maquinas e equipamentos,250,1,-4.916646999999999,-41.731123,Nao
PEIXOTO  INDUSTRIA E COMERCIO LTDA,Colmeia padrao internacional Langstroth,9299,CASTRO NETO,390,PI,Juazeiro do Piaui,PREFEITURA MUNICIPAL DE JUAZEIRO DO PIAUI,Sim,Pago,Sim,Termo de Doacao,Sim,2025-04-16,Apicultura ,Maquinas e equipamentos,200,1,-5.174588999999999,-41.69756099999999,Sim
PEIXOTO  INDUSTRIA E COMERCIO LTDA,Colmeia padrao internacional Langstroth,9299,MERLONG SOLANO,390,PI,Sao Raimundo Nonato,ASSOCIACAO DE APICULTORES DO POVOADO SAO VITOR,Sim,Pago,Sim,Termo de Cessao,Sim,2025-05-20,Apicultura ,Maquinas e equipamentos,100,1,-9.012411999999998,-42.69865899999999,Sim
PEIXOTO  INDUSTRIA E COMERCIO LTDA,Colmeia padrao internacional Langstroth,9299,MARCELO CASTRO,390,PI,Sao Raimundo Nonato,ASSOCIACAO DE APICULTORES DO POVOADO SAO VITOR,Sim,Pago,Sim,Termo de Cessao,Sim,2025-05-20,Apicultura ,Maquinas e equipamentos,100,1,-9.012411999999998,-42.69865899999999,Sim
PEIXOTO  INDUSTRIA E COMERCIO LTDA,Colmeia padrao internacional Langstroth,9299,CIRO NOGUEIRA / JULIO ARCOVERDE,390,PI,Sao Raimundo Nonato,ASSOCIACAO DE APICULTORES DO POVOADO SAO VITOR,Sim,Pago,Sim,Termo de Cessao,Sim,2025-05-20,Apicultura ,Maquinas e equipamentos,90,1,-9.012411999999998,-42.69865899999999,Sim
PEIXOTO  INDUSTRIA E COMERCIO LTDA,Colmeia padrao internacional Langstroth,9299,CASTRO NETO,390,PI,Sigefredo Pacheco,ASSOCIACAO ANTONIA DORA,Sim,Pago,Sim,Termo de Doacao,Sim,2025-05-29,Apicultura ,Maquinas e equipamentos,50,1,-4.916646999999999,-41.731123,Sim
PEIXOTO  INDUSTRIA E COMERCIO LTDA,Colmeia padrao internacional Langstroth,256,ATILA LIRA,390,PI,Jose de Freitas,FUNDACAO CIDADANIA,Sim,Pago,Sim,Termo de Doacao,Sim,2025-11-03,Apicultura ,Maquinas e equipamentos,256,1,-4.751458,-42.574586,Nao
PEIXOTO  INDUSTRIA E COMERCIO LTDA,Colmeia padrao internacional Langstroth,40,ATILA LIRA,390,PI,Jose de Freitas,FUNDACAO CIDADANIA,Sim,Pago,Sim,Termo de Doacao,Sim,2025-11-03,Apicultura ,Maquinas e equipamentos,40,1,-4.751458,-42.574586,Nao
PEIXOTO  INDUSTRIA E COMERCIO LTDA,Colmeia padrao internacional Langstroth,40,WELLINGTON DIAS,390,PI,A definir,,Sim,Pago,Sim,Aguardando Doacao,Nao,item nao doado,Apicultura ,Maquinas e equipamentos,40,1,,,Nao
PEIXOTO  INDUSTRIA E COMERCIO LTDA,Colmeia padrao internacional Langstroth,16,JULIO CESAR,390,PI,A definir,,Sim,Pago,Sim,Aguardando Doacao,Nao,item nao doado,Apicultura ,Maquinas e equipamentos,16,1,,,Nao
PEIXOTO  INDUSTRIA E COMERCIO LTDA,Colmeia padrao internacional Langstroth,42,CASTRO NETO,390,PI,A definir,,Sim,Pago,Sim,Aguardando Doacao,Nao,item nao doado,Apicultura ,Maquinas e equipamentos,42,1,,,Nao
PEIXOTO  INDUSTRIA E COMERCIO LTDA,Colmeia padrao internacional Langstroth,28,WELLINGTON DIAS,390,PI,A definir,,Sim,Pago,Sim,Aguardando Doacao,Nao,item nao doado,Apicultura ,Maquinas e equipamentos,28,1,,,Nao
WEEMAC MAQUINAS E EQUIPAMENTOS LTDA,Aerador chafariz 1 CV,25,FLAVIO NOGUEIRA,1980.04,PI,Luzilandia,COLONIA SINDICAL DE PESCADORES Z-12 DO MUNICIPIO DE LUZILANDIA - PI,Sim,Pago,Sim,Termo de Cessao,Sim,2025-08-18,Aquicultura e pesca,Maquinas e equipamentos,1,1,-3.468296,-42.371757,Sim
MGS BRASIL DISTRIBUIDORA LTDA,Bolsao de 5 mm de malha ,20,FLAVIO NOGUEIRA,447.75,PI,Luzilandia,COLONIA SINDICAL DE PESCADORES Z-12 DO MUNICIPIO DE LUZILANDIA - PI,Sim,Pago,Sim,Termo de Cessao,Sim,2025-08-18,Aquicultura e pesca,Maquinas e equipamentos,1,9,-3.468296,-42.371757,Sim
MGS BRASIL DISTRIBUIDORA LTDA,Bobina de lona Dupla Face (12x50m) 200 micras,50,FLAVIO NOGUEIRA,1442.75,PI,Luzilandia,COLONIA SINDICAL DE PESCADORES Z-12 DO MUNICIPIO DE LUZILANDIA - PI,Sim,Pago,Sim,Termo de Cessao,Sim,2025-08-18,Aquicultura e pesca,Maquinas e equipamentos,1,6,-3.468296,-42.371757,Sim
THRUONE LTDA,Tanque-rede (2x2),200,FLAVIO NOGUEIRA,2599,PI,Luzilandia,COLONIA SINDICAL DE PESCADORES Z-12 DO MUNICIPIO DE LUZILANDIA - PI,Sim,Pago,Sim,Termo de Cessao,Sim,2025-08-18,Aquicultura e pesca,Maquinas e equipamentos,5,24,-3.468296,-42.371757,Sim
TCN COMERCIO E CONSTRUCAO ,Embarcacao de 6m e motor de popa 2T 15HP,25,FLAVIO NOGUEIRA,17000,PI,Luzilandia,COLONIA SINDICAL DE PESCADORES Z-12 DO MUNICIPIO DE LUZILANDIA - PI,Sim,Pago,Sim,Termo de Cessao,Sim,2025-08-18,Aquicultura e pesca,Maquinas e equipamentos,1,1,-3.468296,-42.371757,Sim
PEIXOTO  INDUSTRIA E COMERCIO LTDA,Colmeia padrao internacional Langstroth,9299,MERLONG SOLANO,390,PI,Assuncao do Piaui,COOPERATIVA DE PEQUENOS PRODUTORES RURAIS DE ASSUNCAO DO PIAUI,Sim,Pago,Sim,Termo de Doacao,Sim,2025-09-23,Apicultura ,Maquinas e equipamentos,25,1,-5.864996,-41.038850999999994,Sim
PEIXOTO  INDUSTRIA E COMERCIO LTDA,Colmeia padrao internacional Langstroth,9299,MERLONG SOLANO,390,PI,Campinas do Piaui,COMUNIDADE KOLPING ECOLOGICA DE LAGOA REDONDA,Sim,Pago,Sim,Termo de Doacao,Sim,2025-12-10,Apicultura ,Maquinas e equipamentos,14,1,-7.659299,-41.877487,Sim
PEIXOTO  INDUSTRIA E COMERCIO LTDA,Colmeia padrao internacional Langstroth,9299,MERLONG SOLANO,390,PI,Juazeiro do Piaui,ASSOCIACAO DE MORADORES DE DILIGENCIA E LOCALIDADES VIZINHAS,Sim,Pago,Sim,Termo de Cessao,Nao,item nao doado,Apicultura ,Maquinas e equipamentos,15,1,-5.174588999999999,-41.69756099999999,Sim
TCN COMERCIO E CONSTRUCAO ,Embarcacao de 6m e motor de popa 2T 15HP,25,MERLONG SOLANO,17000,PI,Teresina,ASSOCIACAO ESCOLA PIAUIENSE DE CANOAGEM MESTRE CECE,Sim,Pago,Sim,Termo de Doacao,Sim,2025-09-12,Aquicultura e pesca,Maquinas e equipamentos,1,1,-5.090657,-42.800133,Sim
PEIXOTO  INDUSTRIA E COMERCIO LTDA,Colmeia padrao internacional Langstroth,9299,CIRO NOGUEIRA / JULIO ARCOVERDE,390,PI,Pedro II,ASSOCIACAO COMUNITARIA DE PALMEIRA DOS SOARES E REGIAO,Sim,Pago,Sim,Termo de Cessao,Sim,2025-09-24,Apicultura ,Maquinas e equipamentos,37,1,-4.425844999999999,-41.448184,Nao
GERACAO COMERCIO E SERVICOS LTDA,Centrifuga Eletrica para Extracao de Mel 50/65 Quadros,20,CASTRO NETO,9000,PI,Buriti dos Montes,PREFEITURA MUNICIPAL DE BURITI DOS MONTES,Sim,Pago,Sim,Aguardando Doacao,Nao,item nao doado,Apicultura ,Maquinas e equipamentos,1,3,-5.30584,-41.093349,Nao
BID  SOLUCOES EM COMERCIO E SERVICOS LTDA,Mesa Desoperculadora de Favos 60 Quadros Manual,7,CASTRO NETO,3723.75,PI,Buriti dos Montes,PREFEITURA MUNICIPAL DE BURITI DOS MONTES,Sim,Pago,Sim,Aguardando Doacao,Nao,item nao doado,Apicultura ,Maquinas e equipamentos,1,5,-5.30584,-41.093349,Nao
INFINITI EMPREENDIMENTOS LTDA,Chapeu Pescador com Protecao Solar ,85,CASTRO NETO,41.61,PI,Sao Raimundo Nonato,ASSOCIACAO PIMENTEIRA ,Sim,Pago,Sim,Termo de Cessao,Sim,2025-08-29,Acoes Diversas,Maquinas e equipamentos,0,5,-9.012411999999998,-42.69865899999999,Nao
FSG COMERCIO E CONSULTORIA LICITATORIA LTDA,Mochila Tecnica ,85,CASTRO NETO,394.99,PI,Sao Raimundo Nonato,ASSOCIACAO PIMENTEIRA ,Sim,Pago,Sim,Termo de Cessao,Sim,2025-08-29,Acoes Diversas,Maquinas e equipamentos,85,13,-9.012411999999998,-42.69865899999999,Nao
A M M CORREA,Bota Feminina para Trilha (par) ,26,CASTRO NETO,237.9,PI,Sao Raimundo Nonato,ASSOCIACAO PIMENTEIRA ,Sim,Pago,Sim,Termo de Cessao,Sim,2025-08-29,Acoes Diversas,Maquinas e equipamentos,26,12,-9.012411999999998,-42.69865899999999,Nao
A M M CORREA,Botas  Masculinas para trilha (par),64,CASTRO NETO,219.9,PI,Sao Raimundo Nonato,ASSOCIACAO PIMENTEIRA ,Sim,Pago,Sim,Termo de Cessao,Sim,2025-08-29,Acoes Diversas,Maquinas e equipamentos,64,11,-9.012411999999998,-42.69865899999999,Nao
PEIXOTO  INDUSTRIA E COMERCIO LTDA,Colmeia padrao internacional Langstroth,9299,DR. FRANCISCO,390,PI,Ribeira do Piaui,PREFEITURA MUNICIPAL DE RIBEIRA DO PIAUI,Sim,Pago,Sim,Termo de Cessao,Sim,2025-08-26,Apicultura ,Maquinas e equipamentos,100,1,-7.690277999999998,-42.712778,Nao
PEIXOTO  INDUSTRIA E COMERCIO LTDA,Colmeia padrao internacional Langstroth,9299,CASTRO NETO,390,PI,Castelo do Piaui,PREFEITURA MUNICIPAL DE CASTELO DO PIAUI,Sim,Pago,Sim,Termo de Doacao,Sim,2025-09-05,Apicultura ,Maquinas e equipamentos,100,1,-5.318693,-41.549865,Nao
PEIXOTO  INDUSTRIA E COMERCIO LTDA,Colmeia padrao internacional Langstroth,9299,ATILA LIRA,390,PI,Piripiri,ASSOCIACAO DOS APICULTORES DE PIRIPIRI - PI - AAP,Sim,Pago,Sim,Termo de Doacao,Sim,2025-09-09,Apicultura ,Maquinas e equipamentos,357,1,-4.271573999999999,-41.771569,Nao
PEIXOTO  INDUSTRIA E COMERCIO LTDA,Colmeia padrao internacional Langstroth,43,JUSSARA LIMA,390,PI,Simoes,PREFEITURA MUNICIPAL DE SIMOES,Sim,Pago,Sim,Termo de Doacao,Sim,2025-09-09,Apicultura ,Maquinas e equipamentos,84,1,-7.591094999999998,-40.81373099999999,Nao
PEIXOTO  INDUSTRIA E COMERCIO LTDA,Colmeia padrao internacional Langstroth,16,JULIO CESAR,390,PI,Simoes,PREFEITURA MUNICIPAL DE SIMOES,Sim,Pago,Sim,Termo de Doacao,Sim,2025-09-09,Apicultura ,Maquinas e equipamentos,16,1,-7.591094999999998,-40.81373099999999,Nao
GERACAO COMERCIO E SERVICOS LTDA,Centrifuga Eletrica para Extracao de Mel 50/65 Quadros,7,ATILA LIRA,9000,PI,Piripiri,ASSOCIACAO DOS APICULTORES DE PIRIPIRI - PI - AAP,Sim,Pago,Sim,Termo de Doacao,Sim,2025-09-09,Apicultura ,Maquinas e equipamentos,1,3,-4.271573999999999,-41.771569,Nao
GERACAO COMERCIO E SERVICOS LTDA,Tanque Decantador 400 lts / 560 Kg,40,ATILA LIRA,3675,PI,Piripiri,ASSOCIACAO DOS APICULTORES DE PIRIPIRI - PI - AAP,Sim,Pago,Sim,Termo de Doacao,Sim,2025-09-09,Apicultura ,Maquinas e equipamentos,1,7,-4.271573999999999,-41.771569,Nao
BID  SOLUCOES EM COMERCIO E SERVICOS LTDA,Mesa Desoperculadora de Favos 60 Quadros Manual,20,ATILA LIRA,3723.75,PI,Piripiri,ASSOCIACAO DOS APICULTORES DE PIRIPIRI - PI - AAP,Sim,Pago,Sim,Termo de Doacao,Sim,2025-09-09,Apicultura ,Maquinas e equipamentos,1,5,-4.271573999999999,-41.771569,Nao
BID  SOLUCOES EM COMERCIO E SERVICOS LTDA,Bandeja para receber Melgueira,40,ATILA LIRA,259.38,PI,Piripiri,ASSOCIACAO DOS APICULTORES DE PIRIPIRI - PI - AAP,Sim,Pago,Sim,Termo de Doacao,Sim,2025-09-09,Apicultura ,Maquinas e equipamentos,1,9,-4.271573999999999,-41.771569,Nao
W & L  EMPREENDIMENTOS COMERCIO E LICITACOES LTDA,Macacao em tecido brim Conjugado para Apicultor,500,ATILA LIRA,174.09,PI,Piripiri,ASSOCIACAO DOS APICULTORES DE PIRIPIRI - PI - AAP,Sim,Pago,Sim,Termo de Doacao,Sim,2025-09-09,Apicultura ,Maquinas e equipamentos,19,11,-4.271573999999999,-41.771569,Nao
C M C DO  BRASIL LTDA,Fumigador Apicola,250,ATILA LIRA,169,PI,Piripiri,ASSOCIACAO DOS APICULTORES DE PIRIPIRI - PI - AAP,Sim,Pago,Sim,Termo de Doacao,Sim,2025-09-09,Apicultura ,Maquinas e equipamentos,14,10,-4.271573999999999,-41.771569,Nao
PEIXOTO  INDUSTRIA E COMERCIO LTDA,Colmeia padrao internacional Langstroth,40,JUSSARA LIMA,390,PI,Picos,PREFEITURA MUNICIPAL DE PICOS,Sim,Pago,Sim,Termo de Doacao,Sim,2025-10-30,Apicultura ,Maquinas e equipamentos,100,1,-7.077213,-41.46700299999999,Nao
PEIXOTO  INDUSTRIA E COMERCIO LTDA,Colmeia padrao internacional Langstroth,196,JUSSARA LIMA,390,PI,Fronteiras,PREFEITURA MUNICIPAL DE FRONTEIRAS,Sim,Pago,Sim,Aguardando Doacao,Nao,item nao doado,Apicultura ,Maquinas e equipamentos,95,1,-7.081726999999999,-40.61460099999999,Nao
PEIXOTO  INDUSTRIA E COMERCIO LTDA,Colmeia padrao internacional Langstroth,9299,JUSSARA LIMA,390,PI,Aroeiras do Itaim,PREFEITURA MUNICIPAL DE AROEIRAS DO ITAIM,Sim,Pago,Sim,Termo de Cessao,Sim,2025-06-10,Apicultura ,Maquinas e equipamentos,157,1,-7.2794724,-41.5738817,Nao
PEIXOTO  INDUSTRIA E COMERCIO LTDA,Colmeia padrao internacional Langstroth,9299,CASTRO NETO,390,PI,Alegrete do Piaui,ASSOCIACAO DOS PRODUTORES RURAIS DO MUNICIPIO DE ALEGRETE DO PIAUI,Sim,Pago,Sim,Termo de Doacao,Sim,2025-09-11,Apicultura ,Maquinas e equipamentos,100,1,-7.2419639999999985,-40.85658699999999,Nao
PEIXOTO  INDUSTRIA E COMERCIO LTDA,Colmeia padrao internacional Langstroth,9299,MERLONG SOLANO,390,PI,Cristino Castro,PREFEITURA MUNICIPAL DE CRISTINO CASTRO,Sim,Pago,Sim,Termo de Doacao,Sim,2025-06-25,Apicultura ,Maquinas e equipamentos,100,1,-8.822730999999997,-44.222972,Nao
GERACAO COMERCIO E SERVICOS LTDA,Centrifuga Eletrica para Extracao de Mel 50/65 Quadros,7,MARCOS AURELIO,9000,PI,Santana do Piaui,ASSOCIACAO DOS PEQUENOS PRODUTORES RURAIS DE SANTANA DO PIAUI,Sim,Pago,Sim,Termo de Doacao,Sim,2025-12-02,Apicultura ,Maquinas e equipamentos,1,3,-6.946961,-41.51776699999999,Nao
PEIXOTO  INDUSTRIA E COMERCIO LTDA,Colmeia padrao internacional Langstroth,9299,MARCOS AURELIO,390,PI,Santana do Piaui,ASSOCIACAO DOS PEQUENOS PRODUTORES RURAIS DE SANTANA DO PIAUI,Sim,Pago,Sim,Termo de Doacao,Sim,2025-12-02,Apicultura ,Maquinas e equipamentos,257,1,-6.946961,-41.51776699999999,Nao
GERACAO COMERCIO E SERVICOS LTDA,Centrifuga Eletrica para Extracao de Mel 50/65 Quadros,7,ATILA LIRA,9000,PI,Paes Landim,FUNDACAO PEDRO MARIA BORGES,Sim,Pago,Sim,Termo de Cessao,Sim,2025-10-01,Apicultura ,Maquinas e equipamentos,1,3,-7.773745,-42.247444,Sim
W & L  EMPREENDIMENTOS COMERCIO E LICITACOES LTDA,Macacao em tecido brim Conjugado para Apicultor,500,ATILA LIRA,174.09,PI,Paes Landim,FUNDACAO PEDRO MARIA BORGES,Sim,Pago,Sim,Termo de Cessao,Sim,2025-10-01,Apicultura ,Maquinas e equipamentos,10,11,-7.773745,-42.247444,Sim
PEIXOTO  INDUSTRIA E COMERCIO LTDA,Colmeia padrao internacional Langstroth,9299,ATILA LIRA,390,PI,Paes Landim,FUNDACAO PEDRO MARIA BORGES,Sim,Pago,Sim,Termo de Cessao,Sim,2025-09-30,Apicultura ,Maquinas e equipamentos,200,1,-7.773745,-42.247444,Sim
PEIXOTO  INDUSTRIA E COMERCIO LTDA,Colmeia padrao internacional Langstroth,9299,CASTRO NETO,390,PI,Paulistana,ASSOCIACAO COMUNITARIA DOS TRABALHADORES RURAIS DE TAMANDUA,Sim,Pago,Sim,Termo de Doacao,Sim,2025-09-23,Apicultura ,Maquinas e equipamentos,60,1,-8.134356999999996,-41.14307199999999,Nao
PEIXOTO  INDUSTRIA E COMERCIO LTDA,Colmeia padrao internacional Langstroth,9299,CASTRO NETO,390,PI,Paulistana,ASSOCIACAO DOS PEQUENOS PRODUTORES RURAIS DA INGA,Sim,Pago,Sim,Termo de Doacao,Sim,2025-09-23,Apicultura ,Maquinas e equipamentos,40,1,-8.134356999999996,-41.14307199999999,Nao
PEIXOTO  INDUSTRIA E COMERCIO LTDA,Colmeia padrao internacional Langstroth,9299,JUSSARA LIMA,390,PI,Queimada Nova,PREFEITURA MUNICIPAL DE QUEIMADA NOVA,Sim,Pago,Sim,Termo de Doacao,Sim,2025-10-15,Apicultura ,Maquinas e equipamentos,50,1,-8.570636999999996,-41.410614,Nao
PEIXOTO  INDUSTRIA E COMERCIO LTDA,Colmeia padrao internacional Langstroth,9299,JUSSARA LIMA,390,PI,Acaua,PREFEITURA MUNICIPAL DE ACAUA,Sim,Pago,Sim,Termo de Doacao,Sim,2025-09-30,Apicultura ,Maquinas e equipamentos,100,1,-8.219542,-41.08305899999999,Nao
PEIXOTO  INDUSTRIA E COMERCIO LTDA,Colmeia padrao internacional Langstroth,9299,FLORENTINO NETO,390,PI,Aroeiras do Itaim,ASSOCIACAO DOS AGRICULTORES E MORADORES DO MUNICIPIO DE AROEIRAS DO ITAIM - PI,Sim,Pago,Sim,Termo de Cessao,Nao,item nao doado,Apicultura ,Maquinas e equipamentos,40,1,-7.2794724,-41.5738817,Sim
PEIXOTO  INDUSTRIA E COMERCIO LTDA,Colmeia padrao internacional Langstroth,9299,FLORENTINO NETO,390,PI,Francisco Santos,ASSOCIACAO COMUNITARIA DE PRODUTORES RURAIS DO POVOADO BOA VIAGEM,Sim,Pago,Sim,Termo de Doacao,Nao,item nao doado,Apicultura ,Maquinas e equipamentos,40,1,-6.994914,-41.128789,Sim
PEIXOTO  INDUSTRIA E COMERCIO LTDA,Colmeia padrao internacional Langstroth,9299,FLORENTINO NETO,390,PI,Piripiri,ASSOCIACAO DOS APICULTORES DE PIRIPIRI - PI - AAP,Sim,Pago,Sim,Termo de Doacao,Sim,2025-10-07,Apicultura ,Maquinas e equipamentos,120,1,-4.271573999999999,-41.771569,Sim
C M C DO  BRASIL LTDA,Fumigador Apicola,250,FLORENTINO NETO,169,PI,Piripiri,ASSOCIACAO DOS APICULTORES DE PIRIPIRI - PI - AAP,Sim,Pago,Sim,Termo de Doacao,Sim,2025-10-07,Apicultura ,Maquinas e equipamentos,13,10,-4.271573999999999,-41.771569,Sim
W & L  EMPREENDIMENTOS COMERCIO E LICITACOES LTDA,Macacao em tecido brim Conjugado para Apicultor,500,FLORENTINO NETO,174.09,PI,Piripiri,ASSOCIACAO DOS APICULTORES DE PIRIPIRI - PI - AAP,Sim,Pago,Sim,Termo de Doacao,Sim,2025-10-07,Apicultura ,Maquinas e equipamentos,26,11,-4.271573999999999,-41.771569,Sim
BID  SOLUCOES EM COMERCIO E SERVICOS LTDA,Bandeja para receber Melgueira,40,JUSSARA LIMA,259.38,PI,Aroeiras do Itaim,PREFEITURA MUNICIPAL DE AROEIRAS DO ITAIM,Sim,Pago,Sim,Aguardando Doacao,Nao,item nao doado,Apicultura ,Maquinas e equipamentos,1,9,-7.2794724,-41.5738817,Nao
GERACAO COMERCIO E SERVICOS LTDA,Centrifuga Eletrica para Extracao de Mel 50/65 Quadros,7,JUSSARA LIMA,9000,PI,Aroeiras do Itaim,PREFEITURA MUNICIPAL DE AROEIRAS DO ITAIM,Sim,Pago,Sim,Aguardando Doacao,Nao,item nao doado,Apicultura ,Maquinas e equipamentos,2,3,-7.2794724,-41.5738817,Nao
BID  SOLUCOES EM COMERCIO E SERVICOS LTDA,Mesa Desoperculadora de Favos 60 Quadros Manual,20,JUSSARA LIMA,3723.75,PI,Aroeiras do Itaim,PREFEITURA MUNICIPAL DE AROEIRAS DO ITAIM,Sim,Pago,Sim,Aguardando Doacao,Nao,item nao doado,Apicultura ,Maquinas e equipamentos,1,5,-7.2794724,-41.5738817,Nao
GERACAO COMERCIO E SERVICOS LTDA,Tanque Decantador 400 lts / 560 Kg,40,JUSSARA LIMA,3675,PI,Aroeiras do Itaim,PREFEITURA MUNICIPAL DE AROEIRAS DO ITAIM,Sim,Pago,Sim,Aguardando Doacao,Nao,item nao doado,Apicultura ,Maquinas e equipamentos,1,7,-7.2794724,-41.5738817,Nao
GERACAO COMERCIO E SERVICOS LTDA,Tanque Decantador 400 lts / 560 Kg,14,CASTRO NETO,3675,PI,Buriti dos Montes,PREFEITURA MUNICIPAL DE BURITI DOS MONTES,Sim,Pago,Sim,Aguardando Doacao,Nao,item nao doado,Apicultura ,Maquinas e equipamentos,1,7,-5.30584,-41.093349,Nao
BID  SOLUCOES EM COMERCIO E SERVICOS LTDA,Bandeja para receber Melgueira,40,CASTRO NETO,259.38,PI,Buriti dos Montes,PREFEITURA MUNICIPAL DE BURITI DOS MONTES,Sim,Pago,Sim,Aguardando Doacao,Nao,item nao doado,Apicultura ,Maquinas e equipamentos,1,9,-5.30584,-41.093349,Nao
WATT TECNOLOGIA LTDA,UEPA Container extracao de mel,1,CASTRO NETO,164000,PI,Ribeira do Piaui,ASSOCIACAO DESENVOLVIMENTO COMO LIBERDADE - ASDL,Sim,Pago Parcialmente,Sim,Termo de Doacao,Sim,2025-05-30,Apicultura ,Maquinas e equipamentos,1,1,-7.690277999999998,-42.712778,Nao
WATT TECNOLOGIA LTDA,UEPA Container extracao de mel,1,nao informado,171231,PI,Pajeu do Piaui,PREFEITURA MUNICIPAL DE PAJEU DO PIAUI,Sim,Pago Parcialmente,Sim,Aguardando Doacao,Nao,item nao doado,Apicultura ,Maquinas e equipamentos,1,1,-7.855085,-42.82481,Nao
ALFA COMERCIO E SERVICOS LTDA,Sistema Global de Posicionamento (GPS),4,BANCADA DO PIAUI - S/PARTIDO/PI,2097.46,PI,Teresina,SECRETARIA ESTADUAL DE DEFESA CIVIL - SEDEC,Sim,Pago,Sim,Termo de Doacao,Sim,2025-09-30,Acoes Diversas,Maquinas e equipamentos,4,2,-5.090657,-42.800133,Nao
COMPMINAS COMERCIO DE INFORMATICA LTDA-ME,Tablet,4,BANCADA DO PIAUI - S/PARTIDO/PI,1877.99,PI,Teresina,SECRETARIA ESTADUAL DE DEFESA CIVIL - SEDEC,Sim,Pago,Sim,Termo de Doacao,Sim,2025-09-30,Acoes Diversas,Maquinas e equipamentos,4,3,-5.090657,-42.800133,Nao
COMPMINAS COMERCIO DE INFORMATICA LTDA-ME,Projetor multimidia,1,BANCADA DO PIAUI - S/PARTIDO/PI,1367,PI,Teresina,SECRETARIA ESTADUAL DE DEFESA CIVIL - SEDEC,Sim,Pago,Sim,Termo de Doacao,Sim,2025-09-30,Acoes Diversas,Maquinas e equipamentos,1,4,-5.090657,-42.800133,Nao
LIB POWER LTDA,Pluviometro,293,BANCADA DO PIAUI - S/PARTIDO/PI,16.35,PI,Teresina,SECRETARIA ESTADUAL DE DEFESA CIVIL - SEDEC,Sim,Pago Parcialmente,Sim,Termo de Doacao,Sim,2025-09-30,Acoes Diversas,Maquinas e equipamentos,293,1,-5.090657,-42.800133,Nao
GERACAO COMERCIO E SERVICOS LTDA,Centrifuga Eletrica para Extracao de Mel 50/65 Quadros,20,CASTRO NETO,9000,PI,Ribeira do Piaui,ASSOCIACAO DESENVOLVIMENTO COMO LIBERDADE - ASDL,Sim,Pago,Sim,Termo de Doacao,Sim,2025-10-15,Apicultura ,Maquinas e equipamentos,1,3,-7.690277999999998,-42.712778,Nao
WEEMAC MAQUINAS E EQUIPAMENTOS LTDA,Aerador chafariz 1 CV,25,DR. FRANCISCO,1980.04,PI,Sao Francisco do Piaui,PREFEITURA MUNICIPAL DE SAO FRANCISCO DO PIAUI,Sim,Pago,Sim,Termo de Cessao,Sim,2025-10-28,Aquicultura e pesca,Maquinas e equipamentos,1,1,-7.246298999999999,-42.54101,Nao
THRUONE LTDA,Tanque-rede (2x2),200,DR. FRANCISCO,2599,PI,Sao Francisco do Piaui,PREFEITURA MUNICIPAL DE SAO FRANCISCO DO PIAUI,Sim,Pago,Sim,Termo de Cessao,Sim,2025-10-28,Aquicultura e pesca,Maquinas e equipamentos,11,24,-7.246298999999999,-42.54101,Nao
MGS BRASIL DISTRIBUIDORA LTDA,Bolsao de 5 mm de malha ,20,DR. FRANCISCO,447.75,PI,Sao Francisco do Piaui,PREFEITURA MUNICIPAL DE SAO FRANCISCO DO PIAUI,Sim,Pago,Sim,Termo de Cessao,Sim,2025-10-28,Aquicultura e pesca,Maquinas e equipamentos,2,9,-7.246298999999999,-42.54101,Nao
MGS BRASIL DISTRIBUIDORA LTDA,Bobina de lona Dupla Face (12x50m) 200 micras,50,DR. FRANCISCO,1442.75,PI,Sao Francisco do Piaui,PREFEITURA MUNICIPAL DE SAO FRANCISCO DO PIAUI,Sim,Pago,Sim,Termo de Cessao,Sim,2025-10-28,Aquicultura e pesca,Maquinas e equipamentos,2,6,-7.246298999999999,-42.54101,Nao
TCN COMERCIO E CONSTRUCAO ,Embarcacao de 6m e motor de popa 2T 15HP,25,DR. FRANCISCO,17000,PI,Sao Francisco do Piaui,PREFEITURA MUNICIPAL DE SAO FRANCISCO DO PIAUI,Sim,Pago,Sim,Termo de Cessao,Sim,2025-10-28,Aquicultura e pesca,Maquinas e equipamentos,1,1,-7.246298999999999,-42.54101,Nao
PEIXOTO  INDUSTRIA E COMERCIO LTDA,Colmeia padrao internacional Langstroth,9299,CASTRO NETO,390,PI,Campinas do Piaui,ASSOCIACAO DOS PEQUENOS PRODUTORES RURAIS DAS COMUNIDADES BOQUEIRAO E RETIRO,Sim,Pago,Sim,Termo de Cessao,Sim,2025-12-10,Apicultura ,Maquinas e equipamentos,100,1,-7.659299,-41.877487,Nao
PEIXOTO  INDUSTRIA E COMERCIO LTDA,Colmeia padrao internacional Langstroth,9299,CASTRO NETO,390,PI,Bela Vista do Piaui,ASSOCIACAO DOS PEQUENOS PRODUTORES DA COMUNIDADE DA MALHADA,Sim,Pago,Sim,Termo de Cessao,Sim,2025-12-02,Apicultura ,Maquinas e equipamentos,100,1,-7.988091,-41.867521999999994,Nao
PEIXOTO  INDUSTRIA E COMERCIO LTDA,Colmeia padrao internacional Langstroth,9299,CASTRO NETO,390,PI,Caracol,ASSOCIACAO DOS PEQUENOS PRODUTORES RURAIS DO ASSENTAMENTO ESPIRITO SANTO,Sim,Pago,Sim,Aguardando Doacao,Nao,item nao doado,Apicultura ,Maquinas e equipamentos,70,1,-9.279332999999998,-43.328998,Nao
PEIXOTO  INDUSTRIA E COMERCIO LTDA,Colmeia padrao internacional Langstroth,9299,CASTRO NETO,390,PI,Dom Inocencio,PREFEITURA MUNICIPAL DE DOM INOCENCIO,Sim,Pago,Sim,Aguardando Doacao,Nao,item nao doado,Apicultura ,Maquinas e equipamentos,50,1,-9.005157999999998,-41.96973299999999,Nao
PEIXOTO  INDUSTRIA E COMERCIO LTDA,Colmeia padrao internacional Langstroth,9299,CASTRO NETO,390,PI,Isaias Coelho,ASSOCIACAO DE PEQUENOS PRODUTORES DE CANA BRAVA,Sim,Pago,Sim,Termo de Cessao,Sim,2025-12-02,Apicultura ,Maquinas e equipamentos,100,1,-7.735967999999998,-41.673495,Nao
PEIXOTO  INDUSTRIA E COMERCIO LTDA,Colmeia padrao internacional Langstroth,9299,CASTRO NETO,390,PI,Jaicos,ASSOCIACAO DOS PEQUENOS PRODUTORES RURAIS DO FLAMENGO II,Sim,Pago,Sim,Termo de Cessao,Sim,2025-10-22,Apicultura ,Maquinas e equipamentos,50,1,-7.362285999999998,-41.137126,Nao
PEIXOTO  INDUSTRIA E COMERCIO LTDA,Colmeia padrao internacional Langstroth,9299,CASTRO NETO,390,PI,Jaicos,ASSOCIACAO DOS PRODUTORES RURAIS DO ANGICAL DOS MAGROS,Sim,Pago,Sim,Termo de Cessao,Sim,2025-12-11,Apicultura ,Maquinas e equipamentos,50,1,-7.362285999999998,-41.137126,Nao
PEIXOTO  INDUSTRIA E COMERCIO LTDA,Colmeia padrao internacional Langstroth,9299,CASTRO NETO,390,PI,Jaicos,ASSOCIACAO DOS PEQUENOS PRODUTORES RURAIS DA BARRAGEM DA SANTANA,Sim,Pago,Sim,Termo de Cessao,Sim,2025-12-11,Apicultura ,Maquinas e equipamentos,100,1,-7.362285999999998,-41.137126,Nao
PEIXOTO  INDUSTRIA E COMERCIO LTDA,Colmeia padrao internacional Langstroth,9299,CASTRO NETO,390,PI,Massape do Piaui,PREFEITURA MUNICIPAL DE MASSAPE DO PIAUI,Sim,Pago,Sim,Termo de Doacao,Sim,2025-12-10,Apicultura ,Maquinas e equipamentos,100,1,-7.4746869999999985,-41.110322999999994,Nao
PEIXOTO  INDUSTRIA E COMERCIO LTDA,Colmeia padrao internacional Langstroth,9299,CASTRO NETO,390,PI,Picos,ASSOCIACAO COMUNITARIA DOS PEQUENOS PRODUTORES RURAIS DO POVOADO DE SAO JOSE (SAQUINHO),Sim,Pago,Sim,Aguardando Doacao,Nao,item nao doado,Apicultura ,Maquinas e equipamentos,100,1,-7.077213,-41.46700299999999,Nao
PEIXOTO  INDUSTRIA E COMERCIO LTDA,Colmeia padrao internacional Langstroth,9299,CASTRO NETO,390,PI,Sao Francisco de Assis do Piaui,ASSOCIACAO DOS PEQUENOS PRODUTORES DA COMUNIDADE BAIXA VERDE,Sim,Pago,Sim,Aguardando Doacao,Nao,item nao doado,Apicultura ,Maquinas e equipamentos,100,1,-8.239207,-41.681028,Nao
PEIXOTO  INDUSTRIA E COMERCIO LTDA,Colmeia padrao internacional Langstroth,9299,CASTRO NETO,390,PI,Sao Lourenco do Piaui,ASSOCIACAO DE DESENVOLVIMENTO COMUNITARIO DOS PEQUENOS PRODUTORES RURAIS DA LOCALIDADE VEREDA DO CALDEIRAO,Sim,Pago,Sim,Termo de Doacao,Sim,2025-12-05,Apicultura ,Maquinas e equipamentos,100,1,-9.164632999999998,-42.54955199999999,Nao
PEIXOTO  INDUSTRIA E COMERCIO LTDA,Colmeia padrao internacional Langstroth,9299,CASTRO NETO,390,PI,Sao Luis do Piaui,PREFEITURA MUNICIPAL DE SAO LUIS DO PIAUI,Sim,Pago,Sim,Aguardando Doacao,Nao,item nao doado,Apicultura ,Maquinas e equipamentos,100,1,-6.819362999999999,-41.317454,Nao
PEIXOTO  INDUSTRIA E COMERCIO LTDA,Colmeia padrao internacional Langstroth,9299,MERLONG SOLANO,390,PI,Acaua,ASSOCIACAO DOS PEQUENOS AGRICULTORES DE BARRA DO BOSQUE,Sim,Pago,Sim,Termo de Cessao,Sim,2025-11-18,Apicultura ,Maquinas e equipamentos,25,1,-8.219542,-41.08305899999999,Sim
PEIXOTO  INDUSTRIA E COMERCIO LTDA,Colmeia padrao internacional Langstroth,9299,MERLONG SOLANO,390,PI,Caridade do Piaui,ASSOCIACAO DO DESENVOLVIMENTO COMUNITARIO DOS PEQUENOS PRODUTORES E MORADORES DA LOCALIDADE BAIXIO DOS PROCOPIOS,Sim,Pago,Sim,Termo de Cessao,Sim,2025-12-01,Apicultura ,Maquinas e equipamentos,10,1,-7.734349,-40.984763,Sim
PEIXOTO  INDUSTRIA E COMERCIO LTDA,Colmeia padrao internacional Langstroth,9299,MERLONG SOLANO,390,PI,Castelo do Piaui,ASSOCIACAO DOS PRODUTORES RURAIS E OVINOCAPRINOCULTORES DO ASSENTAMENTO CARAIBAS - APROAC,Sim,Pago,Sim,Termo de Cessao,Sim,2025-11-19,Apicultura ,Maquinas e equipamentos,25,1,-5.318693,-41.549865,Sim
PEIXOTO  INDUSTRIA E COMERCIO LTDA,Colmeia padrao internacional Langstroth,9299,MERLONG SOLANO,390,PI,Flores do Piaui,ASSOCIACAO DOS PEQUENOS PRODUTORES RURAIS DA COMUNIDADE ANGICOS,Sim,Pago,Sim,Aguardando Doacao,Nao,item nao doado,Apicultura ,Maquinas e equipamentos,40,1,-7.787931,-42.918009,Nao
PEIXOTO  INDUSTRIA E COMERCIO LTDA,Colmeia padrao internacional Langstroth,9299,MERLONG SOLANO,390,PI,Paulistana,INSTITUTO AGROFLORA PARA O DESENVOLVIMENTO SOCIAL E REGIONAL SUSTENTAVEL,Sim,Pago,Sim,Termo de Doacao,Nao,item nao doado,Apicultura ,Maquinas e equipamentos,40,1,-8.134356999999996,-41.14307199999999,Sim
PEIXOTO  INDUSTRIA E COMERCIO LTDA,Colmeia padrao internacional Langstroth,9299,MERLONG SOLANO,390,PI,Piracuruca,ASSOCIACAO DOS JOVENS PRODUTORES RURAIS DO ASSENTAMENTO BELA VISTA,Sim,Pago,Sim,Aguardando Doacao,Nao,item nao doado,Apicultura ,Maquinas e equipamentos,30,1,-3.93335,-41.70877899999999,Nao
PEIXOTO  INDUSTRIA E COMERCIO LTDA,Colmeia padrao internacional Langstroth,9299,MERLONG SOLANO,390,PI,Sigefredo Pacheco,ASSOCIACAO COMUNITARIA DE PRODUCAO E SERVICOS DOS AGRICULTORES FAMILIARES - ASAF,Sim,Pago,Sim,Termo de Cessao,Sim,2025-11-14,Apicultura ,Maquinas e equipamentos,10,1,-4.916646999999999,-41.731123,Nao
PEIXOTO  INDUSTRIA E COMERCIO LTDA,Colmeia padrao internacional Langstroth,9299,MERLONG SOLANO,390,PI,Simplicio Mendes,ASSOCIACAO DE PEQUENOS PRODUTORES DA COMUNIDADE SOBRADINHO,Sim,Pago,Sim,Aguardando Doacao,Nao,item nao doado,Apicultura ,Maquinas e equipamentos,20,1,-7.852943999999998,-41.907533,Nao
PEIXOTO  INDUSTRIA E COMERCIO LTDA,Colmeia padrao internacional Langstroth,9299,CIRO NOGUEIRA / ATILA LIRA,390,PI,Jose de Freitas,ASSOCIACAO DOS PRODUTORES RURAIS DA COMUNIDADE JOAO PEREIRA,Sim,Pago,Sim,Termo de Doacao,Sim,2025-10-31,Apicultura ,Maquinas e equipamentos,52,1,-4.751458,-42.574586,Nao
PEIXOTO  INDUSTRIA E COMERCIO LTDA,Colmeia padrao internacional Langstroth,9299,CIRO NOGUEIRA / ATILA LIRA,390,PI,Sao Joao da Canabrava,PREFEITURA MUNICIPAL DE SAO JOAO DA CANABRAVA,Sim,Pago,Sim,Termo de Cessao,Sim,2025-11-24,Apicultura ,Maquinas e equipamentos,75,1,-6.812028999999999,-41.341483,Sim
PEIXOTO  INDUSTRIA E COMERCIO LTDA,Colmeia padrao internacional Langstroth,9299,CIRO NOGUEIRA / ATILA LIRA,390,PI,Sao Raimundo Nonato,ASSOCIACAO DE APICULTORES DO POVOADO SAO VITOR,Sim,Pago,Sim,Termo de Cessao,Sim,2025-12-05,Apicultura ,Maquinas e equipamentos,75,1,-9.012411999999998,-42.69865899999999,Sim
PEIXOTO  INDUSTRIA E COMERCIO LTDA,Colmeia padrao internacional Langstroth,9299,CIRO NOGUEIRA / ATILA LIRA,390,PI,Valenca do Piaui,INSTITUTO FEDERAL DO PIAUI - CAMPUS VALENCA,Sim,Pago,Sim,Termo de Cessao,Sim,2025-11-11,Apicultura ,Maquinas e equipamentos,55,1,-6.403013,-41.737498,Sim
W & L  EMPREENDIMENTOS COMERCIO E LICITACOES LTDA,Macacao em tecido brim Conjugado para Apicultor,500,CIRO NOGUEIRA / ATILA LIRA,174.09,PI,Jose de Freitas,ASSOCIACAO DOS PRODUTORES RURAIS DA COMUNIDADE JOAO PEREIRA,Sim,Pago,Sim,Termo de Doacao,Sim,2025-10-29,Apicultura ,Maquinas e equipamentos,4,11,-4.751458,-42.574586,Nao
C M C DO  BRASIL LTDA,Fumigador Apicola,250,CIRO NOGUEIRA / ATILA LIRA,169,PI,Jose de Freitas,ASSOCIACAO DOS PRODUTORES RURAIS DA COMUNIDADE JOAO PEREIRA,Sim,Pago,Sim,Termo de Doacao,Sim,2025-10-29,Apicultura ,Maquinas e equipamentos,3,10,-4.751458,-42.574586,Nao
PEIXOTO  INDUSTRIA E COMERCIO LTDA,Colmeia padrao internacional Langstroth,9299,DR. FRANCISCO,390,PI,Campinas do Piaui,PREFEITURA MUNICIPAL DE CAMPINAS DO PIAUI,Sim,Pago,Sim,Aguardando Doacao,Nao,item nao doado,Apicultura ,Maquinas e equipamentos,30,1,-7.659299,-41.877487,Nao
PEIXOTO  INDUSTRIA E COMERCIO LTDA,Colmeia padrao internacional Langstroth,9299,DR. FRANCISCO,390,PI,Campo Alegre do Fidalgo,ASSOCIACAO DE DESENVOLVIMENTO COMUNITARIO DE APICULTORES DOS TRABALHADORES RURAIS DA LOCALIDADE VARZEA GRANDE,Sim,Pago,Sim,Aguardando Doacao,Nao,item nao doado,Apicultura ,Maquinas e equipamentos,30,1,-8.382357,-41.83439899999999,Nao
GERACAO COMERCIO E SERVICOS LTDA,Centrifuga Eletrica para Extracao de Mel 50/65 Quadros,20,CIRO NOGUEIRA / ATILA LIRA,9000,PI,Teresina,"INSTITUTO FEDERAL DE EDUCACAO, CIENCIA E TECNOLOGIA DO PIAUI IFPI",Sim,Pago,Sim,Aguardando Doacao,Sim,2025-11-19,Apicultura ,Maquinas e equipamentos,1,3,-5.090657,-42.800133,Sim
PEIXOTO  INDUSTRIA E COMERCIO LTDA,Colmeia padrao internacional Langstroth,9299,DR. FRANCISCO,390,PI,Canto do Buriti,ASSOCIACAO DE DESENVOLVIMENTO COMUNITARIO DOS TRABALHADORES (AS) RURAIS DA CELULA O,Sim,Pago,Sim,Aguardando Doacao,Nao,item nao doado,Apicultura ,Maquinas e equipamentos,30,1,-8.111100999999998,-42.95172099999999,Nao
BID  SOLUCOES EM COMERCIO E SERVICOS LTDA,Mesa Desoperculadora de Favos 60 Quadros Manual,20,CIRO NOGUEIRA / ATILA LIRA,3723.75,PI,Teresina,"INSTITUTO FEDERAL DE EDUCACAO, CIENCIA E TECNOLOGIA DO PIAUI IFPI",Sim,Pago,Sim,Aguardando Doacao,Sim,2025-11-19,Apicultura ,Maquinas e equipamentos,1,5,-5.090657,-42.800133,Sim
PEIXOTO  INDUSTRIA E COMERCIO LTDA,Colmeia padrao internacional Langstroth,9299,DR. FRANCISCO,390,PI,Caridade do Piaui,ASSOCIACAO DE PEQUENOS PRODUTORES RURAIS DA LOCALIDADE JIQUI - CARIDADE DO PI,Sim,Pago,Sim,Aguardando Doacao,Nao,item nao doado,Apicultura ,Maquinas e equipamentos,40,1,-7.734349,-40.984763,Nao
GERACAO COMERCIO E SERVICOS LTDA,Tanque Decantador 400 lts / 560 Kg,40,CIRO NOGUEIRA / ATILA LIRA,3675,PI,Teresina,"INSTITUTO FEDERAL DE EDUCACAO, CIENCIA E TECNOLOGIA DO PIAUI IFPI",Sim,Pago,Sim,Aguardando Doacao,Sim,2025-11-19,Apicultura ,Maquinas e equipamentos,1,7,-5.090657,-42.800133,Sim
BID  SOLUCOES EM COMERCIO E SERVICOS LTDA,Bandeja para receber Melgueira,40,CIRO NOGUEIRA / ATILA LIRA,259.38,PI,Teresina,"INSTITUTO FEDERAL DE EDUCACAO, CIENCIA E TECNOLOGIA DO PIAUI IFPI",Sim,Pago,Sim,Aguardando Doacao,Sim,2025-11-19,Apicultura ,Maquinas e equipamentos,1,9,-5.090657,-42.800133,Sim
W & L  EMPREENDIMENTOS COMERCIO E LICITACOES LTDA,Macacao em tecido brim Conjugado para Apicultor,500,CIRO NOGUEIRA / ATILA LIRA,174.09,PI,Teresina,"INSTITUTO FEDERAL DE EDUCACAO, CIENCIA E TECNOLOGIA DO PIAUI IFPI",Sim,Pago,Sim,Aguardando Doacao,Sim,2025-11-19,Apicultura ,Maquinas e equipamentos,10,11,-5.090657,-42.800133,Sim
C M C DO  BRASIL LTDA,Fumigador Apicola,250,CIRO NOGUEIRA / ATILA LIRA,169,PI,Teresina,"INSTITUTO FEDERAL DE EDUCACAO, CIENCIA E TECNOLOGIA DO PIAUI IFPI",Sim,Pago,Sim,Aguardando Doacao,Sim,2025-11-19,Apicultura ,Maquinas e equipamentos,4,10,-5.090657,-42.800133,Sim
THRUONE LTDA,Tanque-rede (2x2),200,ATILA LIRA,2599,PI,Teresina,"INSTITUTO FEDERAL DE EDUCACAO, CIENCIA E TECNOLOGIA DO PIAUI IFPI",Sim,Pago,Sim,Aguardando Doacao,Sim,2025-11-19,Aquicultura e pesca,Maquinas e equipamentos,11,24,-5.090657,-42.800133,Sim
MGS BRASIL DISTRIBUIDORA LTDA,Bolsao de 5 mm de malha ,20,ATILA LIRA,447.75,PI,Teresina,"INSTITUTO FEDERAL DE EDUCACAO, CIENCIA E TECNOLOGIA DO PIAUI IFPI",Sim,Pago,Sim,Aguardando Doacao,Sim,2025-11-19,Aquicultura e pesca,Maquinas e equipamentos,2,9,-5.090657,-42.800133,Sim
PEIXOTO  INDUSTRIA E COMERCIO LTDA,Colmeia padrao internacional Langstroth,9299,DR. FRANCISCO,390,PI,Dirceu Arcoverde,PREFEITURA MUNICIPAL DE DIRCEU ARCOVERDE,Sim,Pago,Sim,Termo de Doacao,Sim,2025-12-05,Apicultura ,Maquinas e equipamentos,30,1,-9.339385999999998,-42.434792,Nao
WEEMAC MAQUINAS E EQUIPAMENTOS LTDA,Aerador chafariz 1 CV,25,ATILA LIRA,1980.04,PI,Teresina,"INSTITUTO FEDERAL DE EDUCACAO, CIENCIA E TECNOLOGIA DO PIAUI IFPI",Sim,Pago,Sim,Aguardando Doacao,Sim,2025-11-19,Aquicultura e pesca,Maquinas e equipamentos,1,1,-5.090657,-42.800133,Sim
MGS BRASIL DISTRIBUIDORA LTDA,Bobina de lona Dupla Face (12x50m) 200 micras,50,ATILA LIRA,1442.75,PI,Teresina,"INSTITUTO FEDERAL DE EDUCACAO, CIENCIA E TECNOLOGIA DO PIAUI IFPI",Sim,Pago,Sim,Aguardando Doacao,Sim,2025-11-19,Aquicultura e pesca,Maquinas e equipamentos,2,6,-5.090657,-42.800133,Sim
PEIXOTO  INDUSTRIA E COMERCIO LTDA,Colmeia padrao internacional Langstroth,9299,DR. FRANCISCO,390,PI,Domingos Mourao,PREFEITURA MUNICIPAL DE DOMINGOS MOURAO,Sim,Pago,Sim,Aguardando Doacao,Nao,item nao doado,Apicultura ,Maquinas e equipamentos,7,1,-4.249497999999999,-41.268267,Nao
PEIXOTO  INDUSTRIA E COMERCIO LTDA,Colmeia padrao internacional Langstroth,9299,DR. FRANCISCO,390,PI,Francisco Santos,ASSOCIACAO DOS APICULTORES E AGRICULTORES FAMILIARES DO MUNICIPIO DE FRANCISCO SANTOS PIAUI,Sim,Pago,Sim,Aguardando Doacao,Nao,item nao doado,Apicultura ,Maquinas e equipamentos,30,1,-6.994914,-41.128789,Nao
PEIXOTO  INDUSTRIA E COMERCIO LTDA,Colmeia padrao internacional Langstroth,9299,DR. FRANCISCO,390,PI,Fronteiras,ASSOCIACAO FRONTEIRENSE DE APICULTORES,Sim,Pago,Sim,Aguardando Doacao,Nao,item nao doado,Apicultura ,Maquinas e equipamentos,30,1,-7.081726999999999,-40.61460099999999,Nao
PEIXOTO  INDUSTRIA E COMERCIO LTDA,Colmeia padrao internacional Langstroth,9299,DR. FRANCISCO,390,PI,Joao Costa,ASSOCIACAO DE PEQUENOS PRODUTORES RURAIS DA LOCALIDADE CHAPADA DO ANGELIN,Sim,Pago,Sim,Termo de Doacao,Nao,item nao doado,Apicultura ,Maquinas e equipamentos,30,1,-8.507359999999998,-42.426379,Nao
PEIXOTO  INDUSTRIA E COMERCIO LTDA,Colmeia padrao internacional Langstroth,9299,DR. FRANCISCO,390,PI,Rio Grande do Piaui,ASSOCIACAO DE ASSISTENCIA COMUNITARIA DOS PEQUENOS PRODUTORES RURAIS DA COMUNIDADE VARZEA DAS PORTEIRAS,Sim,Pago,Sim,Aguardando Doacao,Nao,item nao doado,Apicultura ,Maquinas e equipamentos,30,1,-7.780291,-43.13688599999999,Nao
PEIXOTO  INDUSTRIA E COMERCIO LTDA,Colmeia padrao internacional Langstroth,9299,DR. FRANCISCO,390,PI,Sao Miguel do Tapuio,ASSOCIACAO DA COMUNIDADE QUILOMBOLA RURAIS DOS MACACOS,Sim,Pago,Sim,Aguardando Doacao,Nao,item nao doado,Apicultura ,Maquinas e equipamentos,80,1,-5.497290999999999,-41.316451,Nao
PEIXOTO  INDUSTRIA E COMERCIO LTDA,Colmeia padrao internacional Langstroth,9299,FLORENTINO NETO,390,PI,Bom Principio do Piaui,PREFEITURA MUNICIPAL DE BOM PRINCIPIO DO PIAUI,Sim,Pago,Sim,Termo de Cessao,Nao,2025-12-10,Apicultura ,Maquinas e equipamentos,49,1,-3.196314,-41.640333,Nao
WEEMAC MAQUINAS E EQUIPAMENTOS LTDA,Aerador chafariz 1 CV,25,CIRO NOGUEIRA / JULIO ARCOVERDE,1980.04,PI,Sao Raimundo Nonato,ASSOCIACAO DE APICULTORES DO POVOADO SAO VITOR,Sim,Pago,Sim,Termo de Cessao,Nao,item nao doado,Aquicultura e pesca,Maquinas e equipamentos,1,1,-9.012411999999998,-42.69865899999999,Sim
MGS BRASIL DISTRIBUIDORA LTDA,Bolsao de 5 mm de malha ,20,CIRO NOGUEIRA / JULIO ARCOVERDE,447.75,PI,Sao Raimundo Nonato,ASSOCIACAO DE APICULTORES DO POVOADO SAO VITOR,Sim,Pago,Sim,Termo de Cessao,Sim,2025-12-05,Aquicultura e pesca,Maquinas e equipamentos,2,9,-9.012411999999998,-42.69865899999999,Sim
MGS BRASIL DISTRIBUIDORA LTDA,Bobina de lona Dupla Face (12x50m) 200 micras,50,CIRO NOGUEIRA / JULIO ARCOVERDE,1442.75,PI,Sao Raimundo Nonato,ASSOCIACAO DE APICULTORES DO POVOADO SAO VITOR,Sim,Pago,Sim,Termo de Cessao,Sim,2025-12-05,Aquicultura e pesca,Maquinas e equipamentos,2,6,-9.012411999999998,-42.69865899999999,Sim
C M C DO  BRASIL LTDA,Fumigador Apicola,250,CIRO NOGUEIRA / JULIO ARCOVERDE,169,PI,Sao Raimundo Nonato,ASSOCIACAO DE APICULTORES DO POVOADO SAO VITOR,Sim,Pago,Sim,Termo de Cessao,Sim,2025-12-05,Apicultura ,Maquinas e equipamentos,7,10,-9.012411999999998,-42.69865899999999,Sim
W & L  EMPREENDIMENTOS COMERCIO E LICITACOES LTDA,Macacao em tecido brim Conjugado para Apicultor,500,CIRO NOGUEIRA / JULIO ARCOVERDE,174.09,PI,Sao Raimundo Nonato,ASSOCIACAO DE APICULTORES DO POVOADO SAO VITOR,Sim,Pago,Sim,Termo de Cessao,Sim,2025-12-05,Apicultura ,Maquinas e equipamentos,15,11,-9.012411999999998,-42.69865899999999,Sim
COMBRAS COMERCIAL DE MATERIAL PERMANENTE E DE CONSUMO LTDA,Tanque-rede (2x2),53,JULIO ARCOVERDE,1990,PI,Piripiri,"COLONIA DE PESCADORES Z-23 DO POVOADO CALDEIRAO, MUNICIPIO DE PIRIPIRI - PI",Sim,Pago,Sim,Termo de Cessao,Nao,item nao doado,Aquicultura e pesca,Maquinas e equipamentos,20,24,-4.271573999999999,-41.771569,Sim
COMBRAS COMERCIAL DE MATERIAL PERMANENTE E DE CONSUMO LTDA,Tanque-rede (2x2),53,JULIO ARCOVERDE,1990,PI,Parnagua,COLONIA DE PESCADORES Z 10 DO MUNICIPIO DE PARNAGUA,Sim,Pago,Sim,Termo de Cessao,Nao,item nao doado,Aquicultura e pesca,Maquinas e equipamentos,15,24,-10.216642,-44.63001799999999,Sim
GERACAO COMERCIO E SERVICOS LTDA,Centrifuga Eletrica para Extracao de Mel 50/65 Quadros,20,CIRO NOGUEIRA / JULIO ARCOVERDE,9000,PI,Floriano,ASSOCIACAO  DE PEQUENOS PRODUTORES RURAIS DA COMUNIDADE BOM SUCESSO,Sim,Pago,Sim,Aguardando Doacao,Nao,item nao doado,Apicultura ,Maquinas e equipamentos,1,3,-6.771820999999999,-43.024136,Nao
GERACAO COMERCIO E SERVICOS LTDA,Centrifuga Eletrica para Extracao de Mel 50/65 Quadros,20,JULIO ARCOVERDE,9000,PI,Campo Alegre do Fidalgo,"ASSOCIACAO DOS AGRICULTORES, APICULTORES E PECUARISTAS DA LOCALIDADE SITIO DOS ABDIAS",Sim,Pago,Sim,Termo de Doacao,Sim,2025-11-04,Apicultura ,Maquinas e equipamentos,2,3,-8.382357,-41.83439899999999,Sim
GERACAO COMERCIO E SERVICOS LTDA,Tanque Decantador 400 lts / 560 Kg,40,JULIO ARCOVERDE,3675,PI,Campo Alegre do Fidalgo,"ASSOCIACAO DOS AGRICULTORES, APICULTORES E PECUARISTAS DA LOCALIDADE SITIO DOS ABDIAS",Sim,Pago,Sim,Termo de Doacao,Sim,2025-11-04,Apicultura ,Maquinas e equipamentos,1,7,-8.382357,-41.83439899999999,Sim
BID  SOLUCOES EM COMERCIO E SERVICOS LTDA,Mesa Desoperculadora de Favos 60 Quadros Manual,20,JULIO ARCOVERDE,3723.75,PI,Campo Alegre do Fidalgo,"ASSOCIACAO DOS AGRICULTORES, APICULTORES E PECUARISTAS DA LOCALIDADE SITIO DOS ABDIAS",Sim,Pago,Sim,Termo de Doacao,Sim,2025-11-04,Apicultura ,Maquinas e equipamentos,1,5,-8.382357,-41.83439899999999,Sim
BID  SOLUCOES EM COMERCIO E SERVICOS LTDA,Bandeja para receber Melgueira,40,JULIO ARCOVERDE,259.38,PI,Campo Alegre do Fidalgo,"ASSOCIACAO DOS AGRICULTORES, APICULTORES E PECUARISTAS DA LOCALIDADE SITIO DOS ABDIAS",Sim,Pago,Sim,Termo de Doacao,Sim,2025-11-04,Apicultura ,Maquinas e equipamentos,1,9,-8.382357,-41.83439899999999,Sim
W & L  EMPREENDIMENTOS COMERCIO E LICITACOES LTDA,Macacao em tecido brim Conjugado para Apicultor,500,JULIO ARCOVERDE,174.09,PI,Campo Alegre do Fidalgo,"ASSOCIACAO DOS AGRICULTORES, APICULTORES E PECUARISTAS DA LOCALIDADE SITIO DOS ABDIAS",Sim,Pago,Sim,Termo de Doacao,Sim,2025-11-04,Apicultura ,Maquinas e equipamentos,10,11,-8.382357,-41.83439899999999,Sim
C M C DO  BRASIL LTDA,Fumigador Apicola,250,JULIO ARCOVERDE,169,PI,Campo Alegre do Fidalgo,"ASSOCIACAO DOS AGRICULTORES, APICULTORES E PECUARISTAS DA LOCALIDADE SITIO DOS ABDIAS",Sim,Pago,Sim,Termo de Doacao,Sim,2025-11-04,Apicultura ,Maquinas e equipamentos,10,10,-8.382357,-41.83439899999999,Sim
PEIXOTO  INDUSTRIA E COMERCIO LTDA,Colmeia padrao internacional Langstroth,9299,JULIO ARCOVERDE,390,PI,Alegrete do Piaui,"ASSOCIACAO DOS TRABALHADORES DE POCINHOS DE BAIXO, CATOLE E REGIAO DO MUNICIPIO DE ALEGRETE DO PIAUI",Sim,Pago,Sim,Termo de Cessao,Nao,item nao doado,Apicultura ,Maquinas e equipamentos,60,1,-7.2419639999999985,-40.85658699999999,Sim
PEIXOTO  INDUSTRIA E COMERCIO LTDA,Colmeia padrao internacional Langstroth,9299,CIRO NOGUEIRA / JULIO ARCOVERDE,390,PI,Floriano,ASSOCIACAO  DE PEQUENOS PRODUTORES RURAIS DA COMUNIDADE BOM SUCESSO,Sim,Pago,Sim,Aguardando Doacao,Nao,item nao doado,Apicultura ,Maquinas e equipamentos,30,1,-6.771820999999999,-43.024136,Nao
PEIXOTO  INDUSTRIA E COMERCIO LTDA,Colmeia padrao internacional Langstroth,9299,CASTRO NETO,390,PI,Campo Maior,"ASSOCIACAO DE MORADORES, PESCADORES ARTESANAIS E AGRICULTORES FAMILIARES DO REASSENTAMENTO CORREDORES E COMUNIDADES ADJACENTES",Sim,Pago,Sim,Termo de Doacao,Nao,item nao doado,Apicultura ,Maquinas e equipamentos,76,1,-4.821697,-42.164124,Nao
PEIXOTO  INDUSTRIA E COMERCIO LTDA,Colmeia padrao internacional Langstroth,9299,JULIO ARCOVERDE,390,PI,Itainopolis,ASSOCIACAO COMUNITARIA RURAL DE CONFUSOES - ACRC,Sim,Pago,Sim,Termo de Doacao,Nao,item nao doado,Apicultura ,Maquinas e equipamentos,30,1,-7.443357,-41.468712999999994,Sim
PEIXOTO  INDUSTRIA E COMERCIO LTDA,Colmeia padrao internacional Langstroth,9299,CASTRO NETO,390,PI,Itainopolis,ASSOCIACAO COMUNITARIA RURAL DE CONFUSOES - ACRC,Sim,Pago,Sim,Termo de Doacao,Nao,item nao doado,Apicultura ,Maquinas e equipamentos,50,1,-7.443357,-41.468712999999994,Nao
GERACAO COMERCIO E SERVICOS LTDA,Centrifuga Eletrica para Extracao de Mel 50/65 Quadros,20,CASTRO NETO,9000,PI,Pajeu do Piaui,PREFEITURA MUNICIPAL DE PAJEU DO PIAUI,Sim,Pago,Sim,Aguardando Doacao,Nao,item nao doado,Apicultura ,Maquinas e equipamentos,1,3,-7.855085,-42.82481,Nao
BID  SOLUCOES EM COMERCIO E SERVICOS LTDA,Mesa Desoperculadora de Favos 60 Quadros Manual,20,CASTRO NETO,3723.75,PI,Pajeu do Piaui,PREFEITURA MUNICIPAL DE PAJEU DO PIAUI,Sim,Pago,Sim,Aguardando Doacao,Nao,item nao doado,Apicultura ,Maquinas e equipamentos,1,5,-7.855085,-42.82481,Nao
GERACAO COMERCIO E SERVICOS LTDA,Tanque Decantador 400 lts / 560 Kg,14,CASTRO NETO,3675,PI,Pajeu do Piaui,PREFEITURA MUNICIPAL DE PAJEU DO PIAUI,Sim,Pago,Sim,Aguardando Doacao,Nao,item nao doado,Apicultura ,Maquinas e equipamentos,1,7,-7.855085,-42.82481,Nao
BID  SOLUCOES EM COMERCIO E SERVICOS LTDA,Bandeja para receber Melgueira,40,CASTRO NETO,259.38,PI,Pajeu do Piaui,PREFEITURA MUNICIPAL DE PAJEU DO PIAUI,Sim,Pago,Sim,Aguardando Doacao,Nao,item nao doado,Apicultura ,Maquinas e equipamentos,1,9,-7.855085,-42.82481,Nao
J.L.R ARAUJO COMERCIO E SERVICOS LTDA,"Motor de rabeta 4 tempos, 6,5 a 7 cv",780,CASTRO NETO,569,PI,Luzilandia,ASSOCIACAO DOS PESCADORES E PISCICULTORES DO MUNICIPIO DE LUZILANDIA,Sim,Pago Parcialmente,Sim,Termo de Cessao,Sim,2025-11-18,Aquicultura e pesca,Maquinas e equipamentos,30,1,-3.468296,-42.371757,Nao
J.L.R ARAUJO COMERCIO E SERVICOS LTDA,"Motor de rabeta 4 tempos, 6,5 a 7 cv",780,CASTRO NETO,569,PI,Cocal de Telha,COLONIA DE PESCADORES Z-39 DE COCAL DE TELHA,Sim,Pago Parcialmente,Sim,Termo de Cessao,Sim,2025-11-18,Aquicultura e pesca,Maquinas e equipamentos,15,1,-4.557098,-41.958668,Nao
THRUONE LTDA,Tanque-rede (2x2),200,CASTRO NETO,2599,PI,Cocal de Telha,COLONIA DE PESCADORES Z-39 DE COCAL DE TELHA,Sim,Pago,Sim,Termo de Cessao,Sim,2025-11-18,Aquicultura e pesca,Maquinas e equipamentos,7,24,-4.557098,-41.958668,Nao
PEIXOTO  INDUSTRIA E COMERCIO LTDA,Colmeia padrao internacional Langstroth,9299,MERLONG SOLANO,390,PI,Milton Brandao,ASSOCIACAO COMUNITARIA DE PRODUCAO E SERVICOS DOS AGRICULTORES E AGRICULTORAS FAMILIARES - ASAF DO MUNICIPIO DE MILTON BRANDAO - PIAUI,Sim,Pago,Sim,Termo de Cessao,Sim,2025-11-25,Apicultura ,Maquinas e equipamentos,20,1,-4.682945999999999,-41.417343,Sim
J.L.R ARAUJO COMERCIO E SERVICOS LTDA,"Motor de rabeta 4 tempos, 6,5 a 7 cv",780,CASTRO NETO,569,PI,Cajueiro da Praia,PREFEITURA MUNICIPAL DE CAJUEIRO DA PRAIA,Sim,Pago Parcialmente,Sim,Termo de Cessao,Sim,2025-11-28,Aquicultura e pesca,Maquinas e equipamentos,50,1,-2.931114,-41.340801,Nao
C M C DO  BRASIL LTDA,Fumigador Apicola,250,DR. FRANCISCO,169,PI,Dirceu Arcoverde,PREFEITURA MUNICIPAL DE DIRCEU ARCOVERDE,Sim,Pago,Sim,Termo de Doacao,Sim,2025-12-05,Apicultura ,Maquinas e equipamentos,4,10,-9.339385999999998,-42.434792,Nao
PEIXOTO  INDUSTRIA E COMERCIO LTDA,Colmeia padrao internacional Langstroth,9299,JULIO ARCOVERDE,390,PI,Sao Joao do Piaui,COOPERATIVA MISTA DE EMPREENDEDORISMO E SERVICO DA CAPOEIRA DE QUILOMBO,Sim,Pago,Sim,Termo de Doacao,Nao,item nao doado,Apicultura ,Maquinas e equipamentos,30,1,-8.354661,-42.255898,Nao
PEIXOTO  INDUSTRIA E COMERCIO LTDA,Colmeia padrao internacional Langstroth,9299,CIRO NOGUEIRA / JULIO ARCOVERDE,390,PI,Campo Maior,ASSOCIACAO DOS AMIGOS E MORADORES DO LUGAR PASSAGEM DO MEIO,Sim,Pago,Sim,Aguardando Doacao,Nao,item nao doado,Apicultura ,Maquinas e equipamentos,30,1,-4.821697,-42.164124,Nao
MURILO CARVALHO NASCIMENTO,Macacao Malha Livre Conjugado para Apicultor,60,CASTRO NETO,289.9,PI,Sao Joao do Arraial,ASSOCIACAO ESCOLA FAMILIA AGRICOLA DOS COCAIS ,Sim,Pago,Sim,Aguardando Doacao,Nao,item nao doado,Apicultura ,Maquinas e equipamentos,10,11,-3.818597,-42.44586,Nao
PEIXOTO  INDUSTRIA E COMERCIO LTDA,Colmeia padrao internacional Langstroth,9299,CASTRO NETO,390,PI,Sao Joao do Arraial,ASSOCIACAO ESCOLA FAMILIA AGRICOLA DOS COCAIS ,Sim,Pago,Sim,Aguardando Doacao,Nao,item nao doado,Apicultura ,Maquinas e equipamentos,15,1,-3.818597,-42.44586,Nao
CABANA MAGAZINE LTDA,Bota em pvc (par),150,CASTRO NETO,32.91,PI,Sao Joao do Arraial,ASSOCIACAO ESCOLA FAMILIA AGRICOLA DOS COCAIS ,Sim,Pago,Sim,Aguardando Doacao,Nao,item nao doado,Apicultura ,Maquinas e equipamentos,10,13,-3.818597,-42.44586,Nao
MGS BRASIL DISTRIBUIDORA LTDA,Luva em Malha Livre Cano Longo (par),150,CASTRO NETO,69.99,PI,Sao Joao do Arraial,ASSOCIACAO ESCOLA FAMILIA AGRICOLA DOS COCAIS ,Sim,Pago,Sim,Aguardando Doacao,Nao,item nao doado,Apicultura ,Maquinas e equipamentos,10,14,-3.818597,-42.44586,Nao
C M C DO  BRASIL LTDA,Fumigador Apicola,250,CASTRO NETO,169,PI,Sao Joao do Arraial,ASSOCIACAO ESCOLA FAMILIA AGRICOLA DOS COCAIS ,Sim,Pago,Sim,Aguardando Doacao,Nao,item nao doado,Apicultura ,Maquinas e equipamentos,1,10,-3.818597,-42.44586,Nao
